title,year,genre,actor,imdb_id,kind,matched_by,rating,votes
The Woods,2020,Polish TV Programmes,"Grzegorz Damięcki,Agnieszka Grochowska,Hubert Miłkowski",1910645,tv series,year and actor match,6.6,2962
My Country: The New Age,2019,Korean Programmes,"Yang Se-Jong,Woo Do‑hwan,Kim Seol-hyun",10850888,tv series,year and actor match,8.4,884
An Easy Girl,2019,International Films,"Mina Farid,Zahia Dehar,Benoît Magimel",9632590,movie,year and actor match,5.5,1496
The Week Of,2018,Comedies,"Adam Sandler,Chris Rock,Steve Buscemi",6821012,movie,year and actor match,5.1,17594
Explained,2018,Social & Cultural Documentaries,,8005374,tv series,year match,8.1,6064
QB1: Beyond the Lights,2017,Sports & Fitness,"Jake Fromm,Tayvon Bowers,Tate Martell",5771332,tv series,year and actor match,7.8,664
Marvel's Jessica Jones,2015,Action & Adventure Programmes,"Krysten Ritter,David Tennant,Rachael Taylor",2357547,tv series,year and actor match,7.9,188486
Mortel,2019,French TV Programmes,"Carl Malapa,Nemo Schiffman,Manon Bresch",8403570,tv series,year and actor match,6.5,702
Battlefish,2018,Action & Adventure Programmes,,8893566,tv series,year match,7.2,300
Blown Away,2019,Canadian TV Programmes,,9908860,tv series,year match,6.9,1383
Criminal: Spain,2019,Mystery Programmes,"Emma Suárez,Jorge Bosch,Álvaro Cervantes",10986050,tv series,year and actor match,6.9,2497
Thieves of the Wood,2018,International Programmes,"Matteo Simoni,Tom Van Dyck,Stef Aerts",5766086,tv series,year and actor match,6.7,1411
Locked Up,2015,LGBTQ TV Programmes,"Najwa Nimri,Maggie Civantos,Itziar Castro",4524056,tv series,year and actor match,8.3,13868
Murder Mystery,2019,Mysteries,"Adam Sandler,Jennifer Aniston,Luke Evans",1618434,movie,year and actor match,6,94003
Sextuplets,2019,Comedies,"Marlon Wayans,Bresha Webb,Michael Ian Black",8976710,movie,year and actor match,4.4,6782
Salt Fat Acid Heat,2018,Food & Travel TV,Samin Nosrat,8772088,tv series,year and actor match,7.7,1614
She,2020,International Programmes,"Aaditi Pohankar,Vijay Varma,Vishwas Kini",11905720,tv series,year and actor match,6.5,2283
Welcome to the Family,2018,Comedy Programmes,"Melani Olivares,Iván Massagué,Yolanda Ramos",7490342,tv series,year and actor match,6.6,296
Criminal: Germany,2019,Mystery Programmes,"Eva Meckbach,Sylvester Groth,Florence Kasumba",10986056,tv series,year and actor match,7.7,3097
Erased,2017,Mystery Programmes,"Yuki Furukawa,Mio Yuki,Jin Shirasu",7573686,tv series,year and actor match,7.9,2622
Warrior Nun,2020,Action & Adventure Programmes,"Alba Baptista,Toya Turner,Lorena Andrea",9059350,tv series,year and actor match,6.9,15423
October Faction,2020,TV Shows Based on Comics,"Tamara Taylor,J.C. MacKenzie,Aurora Burghart",8826128,tv series,year and actor match,6.1,7532
The End of the F***ing World,2017,Award-winning TV Programmes,"Jessica Barden,Alex Lawther,Naomi Ackie",6257970,tv series,year and actor match,8.1,133956
The I-Land,2019,Action & Adventure Programmes,"Natalie Martinez,Kate Bosworth,Ronald Peet",9067020,tv series,year and actor match,4.5,13707
Anne with an E,2017,Award-winning TV Programmes,"Amybeth McNulty,Geraldine James,R.H. Thomson",5421602,tv series,year and actor match,8.7,30398
Roman Empire,2016,Docuseries,"Sean Bean,Aaron Jakubenko,Edwin Wright",6233538,tv series,year and actor match,6.9,5111
Shadow,2019,Action & Adventure Programmes,"Pallance Dladla,Khathu Ramabulana,Amanda du-Pont",9817236,tv series,year and actor match,6.6,754
Magic for Humans,2018,Reality TV,Justin Willman,8425308,tv series,year and actor match,7.1,2826
Alexa & Katie,2018,Kids' TV for ages 8 to 10,"Paris Berelc,Isabel May,Tiffani Thiessen",6916746,tv series,year and actor match,7.4,2643
Mystery Science Theater 3000,2017,Comedy Programmes,"Felicia Day,Patton Oswalt,Jonah Ray",6782014,tv series,year and actor match,8,3144
The Kissing Booth,2018,Teen Comedies,"Joey King,Joel Courtney,Jacob Elordi",3799232,movie,year and actor match,6,60126
Abyss,2019,Crime TV Dramas,"Park Bo-young,Ahn Hyo-seop,Lee Sung-jae",10055734,tv series,year and title match,7.1,910
Accidentally in Love,2018,TV Programmes Based on Books,"Junchen Guo,Yi Ning Sun,Yi Qin Zhao",9077184,tv series,year and actor match,7.6,650
Go! Live Your Way,2019,TV Soaps,"Pilar Pascual,José Gimenez Zapiola,Renata Toscano",9654086,tv series,year and actor match,7,346
Spy Kids: Mission Critical,2018,Kids' TV for ages 8 to 10,"Ashley Bornancin,Carter Hastings,Caitlyn Bairstow",6714408,tv series,year and actor match,4.7,228
Say I Do,2020,Reality TV,"Jeremiah Brent,Thai Nguyen,Gabriele Bertaccini",12540060,tv series,year and actor match,7.6,327
Narcoworld: Dope Stories,2019,True Crime Documentaries,,11215112,tv series,year match,6.6,225
Voltron: Legendary Defender,2016,Kids' TV for ages 8 to 10,"Jeremy Shada,Tyler Labine,Bex Taylor-Klaus",5580664,tv series,year and actor match,8.1,7337
#realityhigh,2017,Teen Comedies,"Nesta Cooper,Kate Walsh,John Michael Higgins",6119504,movie,year and actor match,5.2,5332
Lenox Hill,2020,Social & Cultural Documentaries,,12190580,tv series,year match,8.8,1331
Home: Adventures with Tip & Oh,2016,TV Cartoons,"Rachel Crow,Mark Whitten,Ana Ortiz",5759196,tv series,year and actor match,5.9,489
The Circle,2020,Reality TV,Michelle Buteau,9581768,tv series,year and actor match,7.5,3204
Inside the World’s Toughest Prisons,2016,Crime Documentaries,"Paul Connolly,Raphael Rowe",6322264,tv series,year and actor match,6.9,1407
Lucifer,2016,Crime TV Dramas,"Tom Ellis,Lauren German,Kevin Alejandro",4052886,tv series,year and actor match,8.2,202325
Maradona in Mexico,2019,Social & Cultural Documentaries,Diego Armando Maradona,11168104,tv mini series,year and actor match,7.3,596
All Hail King Julien: Exiled,2017,Animal Tales,"Danny Jacobs,Andy Richter,Kevin Michael Richardson",6865906,tv series,year and actor match,7.5,369
Man to Man,2017,Action & Adventure Programmes,"Park Hae-Jin,Park Sung-woong,Kim Min-joung",6032762,tv series,year and actor match,7.4,818
Nailed It! Mexico,2019,Reality TV,"Omar Chaparro,Anna Ruiz",9708588,tv series,year and actor match,6.3,212
Ozark,2017,Series,"Jason Bateman,Laura Linney,Sofia Hublitz",5071412,tv series,year and actor match,8.4,166732
Kiss Me First,2017,Cyberpunk,"Tallulah Haddon,Simona Brown,Matthew Beard",5730690,tv mini series,Company Name Match,6.3,3202
Dragons: Rescue Riders: Secrets of the Songwing,2020,Comedies,"Noah Kaye Bentley,Brennley Brown,Zach Callison",12599350,tv movie,year and actor match,6.7,56
Queer Eye: We're in Japan!,2019,Reality TV,"Bobby Berk,Karamo Brown,Tan France",10971532,tv series,year and actor match,8.3,1654
45 rpm,2019,Spanish-language TV Programmes,"Carlos Cuevas,Guiomar Puerta,Iván Marcos",8987918,tv series,year and actor match,7.3,334
Jeff Dunham: Relative Disaster,2017,Stand-up & Chat Shows,Jeff Dunham,7364706,movie,year and actor match,6.4,1082
Stranger Things,2016,Teen Programmes,"Winona Ryder,David Harbour,Finn Wolfhard",4574334,tv series,year and actor match,8.8,759834
Making a Murderer,2015,Social & Cultural Documentaries,,5189670,tv series,year match,8.6,84141
Prank Encounters,2019,Reality TV,Gaten Matarazzo,10487072,tv series,year and actor match,5,1783
Jo Koy: Comin' In Hot,2019,Stand-up & Chat Shows,Jo Koy,10377036,movie,year and actor match,7.3,692
Extracurricular,2020,Crime TV Dramas,"Kim Dong-hee,Jung Da-bin,Park Ju-hyun",10262630,tv series,year and actor match,7.7,1530
Extraction,2020,Action Thrillers,"Chris Hemsworth,Rudhraksh Jaiswal,Randeep Hooda",8936646,movie,year and actor match,6.7,138842
"Tiger King: Murder, Mayhem and Madness",2020,Critically-acclaimed Documentaries,,11823076,tv mini series,year match,7.6,59631
The Hollow,2018,Canadian TV Programmes,"Ashleigh Ball,Connor Parnall,Adrian Petriw",6193336,tv series,year and actor match,7.2,3125
Next in Fashion,2020,Reality TV,"Tan France,Alexa Chung",10394770,tv series,year and actor match,7.3,2208
The Mr. Peabody and Sherman Show,2015,Animal Tales,"Chris Parnell,Max Charles,Dieter Jansen",5021206,tv series,year and actor match,5.7,312
To All the Boys I’ve Loved Before,2018,Teen Comedies,"Lana Condor,Noah Centineo,Janel Parrish",3846674,movie,year and actor match,7.1,81266
Derek,2012,British TV Dramas,"Ricky Gervais,Kerry Godliman,Karl Pilkington",2616280,tv series,year and actor match,8,27046
Mob Psycho 100,2018,Action & Adventure Programmes,"Tatsuomi Hamada,Kazuki Namioka,Yuki Yoda",7701694,tv mini series,year and actor match,5.1,364
The New Legends of Monkey,2018,Kids' TV for ages 11 to 12,"Chai Hansen,Luciane Buchanan,Josh Thomson",6807662,tv series,year and actor match,6.5,2864
Somebody Feed Phil,2018,Social & Cultural Documentaries,Philip Rosenthal,7752034,tv series,year and title match,8.2,2783
Virgin River,2019,Medical TV Dramas,"Alexandra Breckenridge,Martin Henderson,Tim Matheson",9077530,tv series,year and actor match,7.5,10222
The Ridiculous 6,2015,Comedies,"Adam Sandler,Terry Crews,Jorge García",2479478,movie,year and actor match,4.8,42747
Take My Brother Away,2018,TV Shows Based on Comics,"Sun Qian,Joseph Zeng,Lv Xiao Yu",8894324,tv series,year and actor match,6.7,105
Someone Great,2019,Romantic Comedies,"Gina Rodriguez,Brittany Snow,DeWanda Wise",8075260,movie,year and actor match,6.2,16337
BoJack Horseman Christmas Special: Sabrina's Christmas Wish,2014,Sitcoms,"Will Arnett,Aaron Paul,Alison Brie",4294938,episode,year and actor match,7.2,1742
Requiem,2018,Mystery Programmes,"Lydia Wilson,Joel Fry,Brendan Coyle",6712390,tv mini series,year and actor match,6.5,5094
Bard of Blood,2019,Action & Adventure Programmes,"Emraan Hashmi,Viineet Kumar,Sobhita Dhulipala",8069036,tv series,year and actor match,7,8345
Wanted,2016,Australian TV Programmes,"Rebecca Gibney,Geraldine Hakewill,Kerry Fox",5193358,tv series,year and actor match,7.7,3987
Answer for Heaven,2019,Crime TV Dramas,"Sunny Suwanmethanont,Kan Kantathavorn,Pattarasaya Kreuasuwansri",10383558,tv series,year and title match,,
Trial By Media,2020,Social & Cultural Documentaries,,11963042,tv series,year match,7.2,1638
Sugar Rush,2018,Reality TV,"Hunter March,Candace Nelson,Adriano Zumbo",8680560,tv series,year and actor match,7,1036
Dope,2017,True Crime Documentaries,,7782022,tv series,year match,7.3,1397
Case,2015,International Programmes,"Steinunn Ólína Þorsteinsdóttir,Magnús Jónsson,Þorsteinn Bachmann",5038858,tv series,year and actor match,7.2,2006
Million Pound Menu,2018,Reality TV,,8488494,tv series,year match,6.6,394
Kissing Game,2020,LGBTQ TV Programmes,"Caio Horowicz,Iza Moreira,Michel Joelsas",11131962,tv series,year and actor match,6.3,396
Tabula Rasa,2017,Mystery Programmes,"Veerle Baetens,Stijn Van Opstal,Jeroen Perceval",5197860,tv series,year and actor match,8.1,7419
Turbo FAST,2013,Kids' TV for ages 8 to 10,"Reid Scott,John Eric Bentley,Amir Talai",3010520,tv series,year and actor match,6.6,434
If I Hadn't Met You,2018,Romance Programmes,"Pablo Derqui,Mercedes Sampietro,Andrea Ros",8517780,tv series,year and actor match,7.7,1340
Itaewon Class,2020,Award-winning TV Programmes,"Park Seo-jun,Kim Da-mi,Yu Jae-myeong",11239552,tv series,year and actor match,8.2,3853
100 Humans,2020,Social & Cultural Documentaries,"Zainab Johnson,Sammy Obeid,Alie Ward",11823088,tv series,year and actor match,5.7,2631
The Dark Crystal: Age of Resistance,2019,Action & Adventure Programmes,"Taron Egerton,Nathalie Emmanuel,Anya Taylor-Joy",6905542,tv series,year and actor match,8.5,19642
The Irishman,2019,Gangster Films,"Robert De Niro,Al Pacino,Joe Pesci",1302006,movie,year and actor match,7.9,302221
Word Party,2016,Little Kids,"Victor Yerrid,Alice Dinnean,Alon Williams",5235950,tv series,year and actor match,6.3,269
High Seas,2019,Spanish-language TV Programmes,"Ivana Baquero,Jon Kortajarena,Alejandra Onieva",8961508,tv series,year and actor match,6.8,5027
Sick Note,2017,Sitcoms,"Rupert Grint,Nick Frost,Don Johnson",5770788,tv series,year and actor match,6.8,5449
George Lopez: We'll Do It For Half,2020,Stand-up & Chat Shows,George Lopez,12358794,movie,year and actor match,5.4,303
Bill Burr: Paper Tiger,2019,Stand-up & Chat Shows,Bill Burr,10847306,movie,year and actor match,8.2,7864
She-Ra and the Princesses of Power,2018,Kids' TV for ages 11 to 12,"Aimee Carrero,AJ Michalka,Marcus Scribner",7745956,tv series,year and actor match,7.7,8574
Eurovision Song Contest: The Story of Fire Saga,2020,Romantic Comedies,"Will Ferrell,Rachel McAdams,Dan Stevens",8580274,movie,year and actor match,6.5,58514
Undercover,2019,Series,"Tom Waes,Anna Drijver,Frank Lammers",7263154,tv series,year and actor match,7.9,7147
Cannon Busters,2019,Anime Action,"Yoshitsugu Matsuoka,Hinaki Yano,Shiori Izawa",5066664,tv series,year and title match,6.8,843
"The Mind, Explained",2019,Social & Cultural Documentaries,Emma Stone,10810430,tv mini series,year and actor match,8.1,3269
Word Party Songs,2020,Little Kids,,12748268,tv series,year match,,
Street Food: Latin America,2020,Social & Cultural Documentaries,,12742136,tv series,year match,8.1,448
James Acaster: Repertoire,2018,Stand-up & Chat Shows,James Acaster,7818686,tv mini series,year and actor match,8.4,2209
Victim Number 8,2018,Action & Adventure Programmes,"César Mateo,María de Nati,Verónika Moral",8500086,tv series,year and actor match,7,1238
Get Even,2020,Teen Programmes,"Kim Adis,Mia McKenna-Bruce,Bethany Antonia",9724628,tv series,year and actor match,6.1,642
Hip-Hop Evolution,2016,Social & Cultural Documentaries,Shad Kabango,4130418,tv series,year and actor match,8.4,4713
Green Frontier,2019,International Programmes,"Juana del Río,Ángela Cano,Miguel Dionisio Ramos",9641192,tv series,year and actor match,7.3,1842
Diagnosis,2019,Science & Nature TV,Lisa Sanders,8201618,tv mini series,year and actor match,7.8,779
Tom Segura: Ball Hog,2020,Stand-up & Chat Shows,Tom Segura,11861072,movie,year and actor match,7.3,1667
Greatest Events of WWII in Colour,2019,Military Documentaries,,9103932,tv series,year match,8.7,4140
Win the Wilderness,2020,Reality TV,,11718294,tv mini series,year match,7,491
Daybreak,2019,Action & Adventure Programmes,"Colin Ford,Alyvia Alyn Lind,Sophie Simnett",8755226,tv series,year and actor match,6.7,13709
Basketball or Nothing,2019,Reality TV,,10698408,tv series,year match,7.4,411
"Nisman: The Prosecutor, the President, and the Spy",2020,True Crime Documentaries,,10291112,tv mini series,Company Name Match,7.7,431
Dark Tourist,2018,Social & Cultural Documentaries,,8725166,tv series,year match,7.5,5534
The Day I Met El Chapo,2017,Social & Cultural Documentaries,Kate del Castillo,7334894,tv series,year and actor match,6.9,887
The Unremarkable Juanquini,2020,Comedy Programmes,"Antonio Sanint,María Cecilia Sánchez,Mariana Gómez",12189308,tv series,year and actor match,4,113
No Time for Shame,2019,Reality TV,Santiago Artemis,11215130,tv series,year and actor match,5.5,64
Narcos: Mexico,2018,Series,"Diego Luna,Michael Peña,Scoot McNairy",8714904,tv series,year and actor match,8.4,55354
Las muñecas de la mafia,2009,Spanish-language TV Programmes,"Amparo Grisales,Carla Giraldo,Paola Rey",1585368,tv series,year and actor match,6.6,209
Hemlock Grove,2013,TV Programmes Based on Books,"Famke Janssen,Landon Liboiron,Dougray Scott",2309295,tv series,year and actor match,7.1,36097
Rich in Love,2020,International Films,"Danilo Mesquita,Giovanna Lancellotti,Jaffar Bambirra",10329566,movie,year and actor match,5.8,1587
Zona Rosa,2019,Stand-up & Chat Shows,"Manu NNa,Ana Julia Yeyé,Ray Contreras",11194518,tv series,year and actor match,5.8,33
Trollhunters: Tales of Arcadia,2016,Kids' TV for ages 11 to 12,"Kelsey Grammer,Emile Hirsch,Charlie Saxton",1734135,tv series,year and actor match,8.4,12226
The Business of Drugs,2020,Social & Cultural Documentaries,Amaryllis Fox,12588416,tv mini series,year and actor match,7.3,848
The Club,2019,Spanish-language TV Programmes,"Alejandro Speitzer,Minnie West,Jorge Caballero",10833132,tv series,year and actor match,6.3,501
Crash Landing on You,2019,Korean Programmes,"Hyun Bin,Son Ye-jin,Seo Ji-hye",10850932,tv series,year and actor match,8.8,7582
Always Be My Maybe,2019,Romantic Comedies,"Ali Wong,Randall Park,James Saito",7374948,movie,year and actor match,6.8,42883
The Keepers,2017,Mystery Programmes,,6792200,tv mini series,year match,8.1,16952
MINDHUNTER,2017,Mystery Programmes,"Jonathan Groff,Holt McCallany,Anna Torv",5290382,tv series,year and actor match,8.6,196905
Secret City,2016,Award-winning TV Programmes,"Anna Torv,Jacki Weaver,Dan Wyllie",4976512,tv series,year and actor match,7.4,5724
Jamtara - Sabka Number Ayega,2020,Crime TV Dramas,"Amit Sial,Dibyendu Bhattacharya,Aksha Pardhasany",11150912,tv series,year and actor match,7.4,3614
Family Reunion,2019,Award-winning TV Programmes,"Loretta Devine,Tia Mowry-Hardrict,Anthony Alabi",9153270,tv series,year and actor match,6.4,1314
Morocco: Love in Times of War,2017,Medical TV Dramas,"Amaia Salamanca,Álex García,Alicia Borrachero",6740146,tv series,year and actor match,7.7,2229
Kakegurui,2017,Anime,"Saori Hayami,Minami Tanaka,Tatsuya Tokutake",7131720,tv series,year and actor match,7.2,3285
The Ghost Bride,2020,Mystery Programmes,"Huang Peijia,Wu Kang-jen,Ludi Lin",9690302,tv series,year and actor match,5.8,474
The Big Flower Fight,2020,Reality TV,"Natasia Demetriou,Vic Reeves,Kristen Griffith-Vanderyacht",12200714,tv series,year and actor match,7.5,648
Puerta 7,2020,Spanish-language TV Programmes,"Dolores Fonzi,Esteban Lamothe,Carlos Belloso",9170386,tv series,year and actor match,5.6,408
Wizards: Tales of Arcadia,2020,Kids' TV for ages 11 to 12,"Colin O'Donoghue,David Bradley,Lena Headey",7736558,tv series,year and actor match,8.4,759
Marcella,2016,Series,"Anna Friel,Ray Panthaki,Nicholas Pinnock",5269594,tv series,year and actor match,7.4,21522
The Big Family Cooking Showdown,2017,Reality TV,"Angellica Bell,Tommy Banks,Zoe Ball",7518558,tv series,year and actor match,7,478
Insatiable,2018,Comedy Programmes,"Dallas Roberts,Debby Ryan,Alyssa Milano",6487482,tv series,year and actor match,6.5,21211
Valeria,2020,Comedy Programmes,"Diana Gómez,Silma López,Paula Malia",9731288,tv series,year and actor match,6.2,1982
Droppin' Cash: Los Angeles,2018,Reality TV,,7983796,tv series,year match,3.5,94
Kevin Hart: Irresponsible,2019,Stand-up & Chat Shows,Kevin Hart,10009796,movie,year and actor match,6.5,3356
Killer Inside: The Mind of Aaron Hernandez,2020,True Crime Documentaries,Aaron Hernandez,11475228,tv mini series,year and title match,7.4,11330
The Indian Detective,2017,Canadian TV Programmes,"Russell Peters,Anupam Kher,Christina Cole",5797220,tv mini series,year and actor match,6.5,2609
GAME ON: A Comedy Crossover Event,2020,Kids' TV for ages 8 to 10,"Loretta Devine,Tia Mowry-Hardrict,Anthony Alabi",12800428,tv series,year and actor match,6.9,55
Lilyhammer,2012,Crime TV Dramas,"Steven Van Zandt,Trond Fausa,Steinar Sagen",1958961,tv series,year and actor match,8,25419
Altered Carbon,2018,Cyberpunk,"Anthony Mackie,Lela Loren,Simone Missick",2261227,tv series,year and actor match,8.1,135280
3Below: Tales of Arcadia,2018,Action & Adventure Programmes,"Tatiana Maslany,Diego Luna,Nick Offerman",7736544,tv series,year and actor match,7.8,3548
Glow Up,2019,Reality TV,,9680524,tv series,year match,6.4,662
Conversations with a Killer: The Ted Bundy Tapes,2019,Biographical Documentaries,,9425132,tv mini series,year match,7.8,21197
The Trial,2019,Crime TV Dramas,"Vittoria Puccini,Francesco Scianna,Camilla Filippi",10549212,tv series,year and actor match,7,1651
Vampires,2020,French TV Programmes,"Oulaya Amamra,Suzanne Clément,Kate Moran",11829316,tv series,year and actor match,5.4,784
The Forest,2017,Mystery Programmes,"Samuel Labarthe,Suzanne Clément,Alexia Barlier",6560040,tv mini series,year and actor match,7.3,7094
Black Mirror: Bandersnatch,2018,Dramas,"Fionn Whitehead,Will Poulter,Craig Parkinson",9495224,tv movie,year and actor match,7.2,109210
Oh My Ghost,2018,Comedy Programmes,"Nuengthida Sophon,Keerati Mahaprukpong,Arak Amornsupasiri",9048794,tv series,year and actor match,7.2,75
The A List,2018,Mystery Programmes,"Lisa Ambalavanar,Ellie Duckles,Savannah Baker",9185110,tv series,year and actor match,5.3,1407
Blood & Water,2020,Mystery Programmes,"Ama Qamata,Khosi Ngema,Gail Mabalane",9839146,tv series,year and actor match,6.2,1384
Ashley Garcia: Genius in Love,2020,Teen Romance,"Paulina Chávez,Jencarlos Canela",10380934,tv series,year and actor match,6.7,513
The Alcàsser Murders,2019,Biographical Documentaries,,8035424,tv mini series,year match,7.1,1354
Turn Up Charlie,2019,British TV Dramas,"Idris Elba,Piper Perabo,JJ Feild",8304498,tv series,year and actor match,7.1,6125
Taco Chronicles,2019,Social & Cultural Documentaries,Pablo Cruz,10242848,tv series,year and title match,7.9,456
MILF,2018,International Films,"Virginie Ledoyen,Marie-Josée Croze,Axelle Laffont",7205316,movie,year and actor match,4.7,3111
Russian Doll,2019,Award-winning TV Programmes,"Natasha Lyonne,Charlie Barnett,Yul Vazquez",7520794,tv series,year and actor match,7.9,61179
"Rob Schneider: Asian Momma, Mexican Kids",2020,Stand-up & Chat Shows,Rob Schneider,12724632,movie,year and actor match,5.3,271
Coffee & Kareem,2020,Comedies,"Ed Helms,Taraji P. Henson,Terrence Little Gardenhigh",9898858,movie,year and actor match,5.1,10462
Selling Sunset,2019,Reality TV,,9817298,tv series,year match,6,2158
The Frankenstein Chronicles,2015,Mystery Programmes,"Sean Bean,Tom Ward,Richie Campbell",4206804,tv series,year and actor match,7.3,9177
The Road to Love,2019,TV Soaps,"Katherine Escobar Farfan,Juan Manuel Restrepo,César Mora",10348478,tv series,year and actor match,8.7,82
Black Mirror,2011,Cyberpunk,"Jesse Plemons,Cristin Milioti,Jimmi Simpson",2085059,tv series,year and actor match,8.8,413768
Sing On! Spain,2020,Reality TV,Ricky Merino,11698668,tv series,year and actor match,6.9,54
Surviving Escobar - Alias JJ,2017,Spanish-language TV Programmes,"Juan Pablo Urrego,Amparo Grisales,Nicole Santamaría",6809396,tv series,year and actor match,7.9,794
Richie Rich,2015,Kids' TV for ages 8 to 10,"Jake Brennan,Joshua Carlon,Lauren Taylor",4160920,tv series,year and actor match,3.2,768
Tiny Creatures,2020,Action & Adventure Programmes,Mike Colter,12759334,tv series,year and title match,4.3,448
The Neighbor,2019,Comedy Programmes,"Quim Gutiérrez,Clara Lago,Adrián Pino",9731222,tv series,year and actor match,6.5,1287
DJ Cinderella,2019,Teen Romance,"Maisa Silva,Filipe Bragança,Fernanda Paes Leme",8716800,movie,year and actor match,4.4,538
A Series of Unfortunate Events,2017,Kids' TV for ages 11 to 12,"Neil Patrick Harris,Patrick Warburton,Malina Weissman",4834206,tv series,year and actor match,7.8,51758
BoJack Horseman,2014,Award-winning TV Programmes,"Will Arnett,Aaron Paul,Amy Sedaris",3398228,tv series,year and actor match,8.7,101727
Cocaine Coast,2018,International Programmes,"Javier Rey,Tristán Ulloa,Antonio Durán 'Morris'",6970710,tv series,year and actor match,8,2722
Como caído del cielo,2019,International Films,"Omar Chaparro,Ana Claudia Talancón,Stephanie Cayo",10946934,movie,year and actor match,6.3,1051
Grace and Frankie,2015,LGBTQ TV Programmes,"Jane Fonda,Lily Tomlin,Martin Sheen",3609352,tv series,year and actor match,8.3,36750
Bert Kreischer: Secret Time,2018,Stand-up & Chat Shows,Bert Kreischer,8786466,movie,year and actor match,7.4,1782
Hyperdrive,2019,Reality TV,"Michael Bisping,Lindsay Czarniak,Mike Hill",8911552,tv series,year and actor match,8.1,2046
Super Drags,2018,Brazilian TV Programmes,"Fernando Mendonça,Sérgio Cantú,Wagner Follare",8912244,tv series,year and actor match,5.5,1300
The Package,2018,Teen Comedies,"Daniel Doheny,Geraldine Viswanathan,Luke Spencer Roberts",7525778,movie,year and actor match,5.5,13263
Fatal Affair,2020,Thrillers,"Nia Long,Omar Epps,Stephen Bishop",11057594,movie,year and actor match,4.4,3586
Transformers: War For Cybertron Trilogy,2020,Anime Sci-Fi,"Jake Foushee,Jason Marnocha,Linsay Rousseau",9789660,tv series,year and actor match,7.6,1459
Unorthodox,2020,Drama Programmes,"Shira Haas,Amit Rahav,Jeff Wilbusch",9815454,tv mini series,year and actor match,8,44095
Hasmukh,2020,Crime TV Dramas,"Vir Das,Ranvir Shorey,Manoj Pahwa",9359294,tv mini series,year and actor match,5.3,2189
The Hockey Girls,2019,Teen Programmes,"Iria del Río,Nora Navas,Josep Linuesa",9486226,tv series,year and actor match,7.1,267
Cooked with Cannabis,2020,Reality TV,"Kelis,Leather Storrs",12176398,tv series,year and actor match,6.7,203
Wine Country,2019,Comedies,"Amy Poehler,Maya Rudolph,Ana Gasteyer",8169446,movie,year and actor match,5.4,17687
"Sex, Explained",2020,Social & Cultural Documentaries,Janelle Monáe,11390530,tv series,year and actor match,6.9,1918
Safe,2018,Mystery Programmes,"Michael C. Hall,Amanda Abbington,Marc Warren",7902072,tv series,year and actor match,7.3,29017
The Twelve,2019,International Programmes,"Maaike Neuville,Charlotte De Bruyne,Tom Vermeir",7605396,tv series,year and actor match,7.5,2335
Frontier,2016,Canadian TV Programmes,"Jason Momoa,Landon Liboiron,Alun Armstrong",4686698,tv series,year and actor match,7.2,15873
Dumplin',2018,Comedies,"Danielle Macdonald,Jennifer Aniston,Odeya Rush",4878482,movie,year and actor match,6.6,26970
The Great British Baking Show,2010,Award-winning TV Programmes,"Paul Hollywood,Prue Leith,Sandi Toksvig",1877368,tv series,year and actor match,8.6,5283
The Queen and the Conqueror,2020,TV Soaps,"Essined Aponte,Emmanuel Esparza,Kepa Amuchastegui",10348700,tv series,year and actor match,7.2,75
The Letter for the King,2020,Action & Adventure Programmes,"Amir Wilson,Ruby Ashbourne Serkis,Thaddea Graham",8741648,tv series,year and actor match,5.9,5350
Sex Education,2019,LGBTQ TV Programmes,"Asa Butterfield,Gillian Anderson,Ncuti Gatwa",7767422,tv series,year and actor match,8.3,140162
I AM A KILLER,2018,True Crime Documentaries,,8300324,tv series,year match,7.5,2706
It's Okay to Not Be Okay,2020,Korean Programmes,"Kim Soo-hyun,Seo Yea-ji,Oh Jung-se",12451520,tv series,year and actor match,9.2,2675
Self Made: Inspired by the Life of Madam C.J. Walker,2020,Drama Programmes,"Octavia Spencer,Tiffany Haddish,Carmen Ejogo",8771910,tv mini series,year and actor match,7.3,7314
Terrace House: Tokyo 2019-2020,2019,Reality TV,"You,Reina Triendl,Yoshimi Tokui",10686814,tv series,year and title match,7.6,470
Sugar Rush Christmas,2019,Reality TV,"Hunter March,Candace Nelson,Adriano Zumbo",11168116,tv series,year and actor match,6.8,222
The Final Table,2018,Award-winning TV Programmes,Andrew Knowlton,7619858,tv series,year and actor match,7.7,2811
The Big Show Show,2020,Kids' TV for ages 8 to 10,"Paul Wight,Allison Munn,Reylynn Caster",10726356,tv series,year and actor match,6.4,1632
Next Gen,2018,Comedies,"John Krasinski,Charlyne Yi,Jason Sudeikis",7133686,movie,year and actor match,6.6,13299
Babylon Berlin,2017,TV Programmes Based on Books,"Volker Bruch,Liv Lisa Fries,Peter Kurth",4378376,tv series,year and actor match,8.4,16551
Jinn,2019,Teen Programmes,"Salma Malhas,Sultan Alkhail,Hamzeh Okab",8923396,tv series,year and actor match,3.5,9217
Invader Zim: Enter the Florpus,2019,Comedies,"Richard Steven Horvitz,Rikki Simons,Andy Berman",6739094,tv movie,year and actor match,7.5,4509
The InBESTigators,2019,Kids' TV for ages 8 to 10,"Abby Bergman,Anna Cooke,Aston Droomer",9332962,tv series,year and actor match,7.8,325
Glitch,2015,Award-winning TV Programmes,"Patrick Brammall,Genevieve O'Reilly,Emma Booth",4192782,tv series,year and actor match,7.4,13739
Dating Around,2019,Reality TV,,9654080,tv series,year match,6.3,928
Paradise PD,2018,Comedy Programmes,"Tom Kenny,David Herman,Sarah Chalke",8235236,tv series,year and actor match,6.9,12272
the goop lab with Gwyneth Paltrow,2020,Reality TV,"Gwyneth Paltrow,Elise Loehnen",11561206,tv series,year and actor match,2.4,2610
Terrace House: Aloha State,2016,Reality TV,"You,Reina Triendl,Ryota Yamasato",6588218,tv series,year and actor match,7.4,780
How to Fix a Drug Scandal,2020,Social & Cultural Documentaries,,11958942,tv mini series,year match,6.9,1804
Night on Earth,2020,Science & Nature TV,Samira Wiley,11497922,tv mini series,year and actor match,8.2,2608
Klaus,2019,Comedies,"Jason Schwartzman,J.K. Simmons,Rashida Jones",4729430,movie,year and actor match,8.2,73926
World's Most Wanted,2020,French TV Programmes,,12753698,tv series,year match,7.2,711
Medal of Honor,2018,Military Documentaries,"Oliver Hudson,Ben Schwartz,Paul Wesley",7440274,tv series,year and actor match,8.4,1278
Atypical,2017,Comedy Programmes,"Jennifer Jason Leigh,Keir Gilchrist,Michael Rapaport",6315640,tv series,year and actor match,8.3,54515
Wu Assassins,2019,Action & Adventure Programmes,"Iko Uwais,Katheryn Winnick,Byron Mann",8652642,tv series,year and actor match,6.4,8930
V Wars,2019,TV Shows Based on Comics,"Ian Somerhalder,Adrian Holmes,Jacky Lai",7403736,tv series,year and actor match,6.1,11030
La Niña,2016,Action & Adventure Programmes,"Ana María Estupiñán,Sebastián Eslava,Juan Sebastián Aragón",5677942,tv series,year and actor match,8.6,532
Marvel's The Punisher,2017,Action & Adventure Programmes,"Jon Bernthal,Ben Barnes,Amber Rose Revah",5675620,tv series,year and actor match,8.5,174191
Super Monsters,2017,Little Kids,"Erin Mathews,Alessandro Juliani,Andrea Libman",6214876,tv series,year and actor match,6.7,319
Big Mouth,2017,Sitcoms,"Nick Kroll,John Mulaney,Jessi Klein",6524350,tv series,year and actor match,8,49633
Set It Up,2018,Romantic Comedies,"Zoey Deutch,Glen Powell,Lucy Liu",5304992,movie,year and actor match,6.5,39871
All For Love,2020,TV Soaps,"Ana María Estupiñán,Carlos Torres,Yuri Vargas",10347886,tv series,year and actor match,7.2,51
The Valhalla Murders,2020,Series,"Nína Dögg Filippusdóttir,Björn Thors,Bergur Ebbi",9100822,tv series,Company Name Match,7.1,6071
Rita,2012,Comedy Programmes,"Mille Dinesen,Lise Baastrup,Carsten Bjørnlund",1973692,tv series,year and actor match,8.1,6065
Nobody's Looking,2019,Brazilian TV Programmes,"Victor Lamoglia,Júlia Rabello,Kéfera Buchmann",11131980,tv series,year and actor match,7.9,1079
AJ and the Queen,2020,Comedy Programmes,"RuPaul Charles,Izzy G.,Michael-Leon Wooley",8404094,tv series,year and actor match,7.5,5933
Fuller House,2016,Series,"Candace Cameron Bure,Jodie Sweetin,Andrea Barber",3986586,tv series,year and actor match,6.8,24107
Bolívar,2019,Spanish-language TV Programmes,"Luis Gerónimo Abreu,José Ramón Barreto,Shany Nadan",9327242,tv series,year and actor match,7.5,557
THE UNLISTED,2019,Kids' TV for ages 8 to 10,"Vrund Rao,Ved Rao,Abigail Adriano",9184592,tv series,year and actor match,6.4,385
Wakfu,2008,Kids' TV for ages 8 to 10,"Fanny Bloc,Jules De Jongh,Patrick Béthune",1807824,tv series,year and actor match,8.2,1095
Hospital Playlist,2020,Korean Programmes,"Cho Jung-seok,Yoo Yeon-seok,Jung Kyung-ho",11769304,tv series,year and actor match,8.7,866
Rotten,2018,Social & Cultural Documentaries,,7763662,tv series,year match,7.2,2729
Spectros,2020,Teen Programmes,"Danilo Mesquita,Cláudia Okuno,Mariana Sena",10145110,tv series,year and actor match,4.4,270
My First First Love,2019,Korean Programmes,"Ji Soo,Jung Chae-yeon,Jinyoung",8995604,tv series,year and actor match,7.6,1099
Alias Grace,2017,Canadian TV Programmes,"Sarah Gadon,Edward Holcroft,Paul Gross",1034007,tv mini series,year and actor match,7.8,23599
The Rain,2018,Danish TV Programmes,"Alba August,Lucas Lynggaard Tønnesen,Mikkel Boe Følsgaard",6656238,tv series,year and actor match,6.3,27242
Hache,2019,Spanish-language TV Programmes,"Adriana Ugarte,Javier Rey,Eduardo Noriega",8575476,tv series,year and actor match,6.3,773
Yankee,2019,Spanish-language TV Programmes,"Pablo Lyle,Ana Layevska,Leonardo Daniel",9046782,tv series,year and actor match,6,438
Monarca,2019,Mexican TV Programmes,"Irene Azuela,Juan Manuel Bernal,Osvaldo Benavides",8655736,tv series,year and actor match,8,1216
Sugar High,2020,Children & Family Films,Hunter March,12806000,movie,year and actor match,7.9,36
Dragons: Rescue Riders,2019,TV Cartoons,"Nicolas Cantu,Brennley Brown,Zach Callison",10687134,tv series,year and actor match,6,147
John Mulaney: Kid Gorgeous at Radio City,2018,Stand-up & Chat Shows,John Mulaney,8271714,movie,year and actor match,7.9,5574
Pacific Heat,2016,Sitcoms,"Rob Sitch,Santo Cilauro,Tom Gleisner",6283542,tv series,year and actor match,5.7,1056
Paul Hollywood's Big Continental Road Trip,2017,Social & Cultural Documentaries,Paul Hollywood,7936386,tv series,year and actor match,7.5,120
The Laundromat,2019,Comedies,"Meryl Streep,Gary Oldman,Antonio Banderas",5865326,movie,year and actor match,6.3,40479
Ugly Delicious,2018,Social & Cultural Documentaries,"David Chang,Peter Meehan",7907916,tv series,year and actor match,7.8,2866
The Last Kingdom,2015,Action & Adventure Programmes,"Alexander Dreymon,Emily Cox,David Dawson",4179452,tv series,year and actor match,8.4,75468
Triad Princess,2019,Taiwanese TV Programmes,"Eugenie Liu,Jasper Liu,Cecilia Choi",9314996,tv series,year and actor match,7,332
Suburra: Blood on Rome,2017,International Programmes,"Alessandro Borghi,Giacomo Ferrara,Eduardo Valdarnini",7197684,tv series,year and actor match,8,9119
The Ranch,2016,Sitcoms,"Ashton Kutcher,Sam Elliott,Debra Winger",4998212,tv series,year and actor match,7.5,32374
Immigration Nation,2020,Social & Cultural Documentaries,,12754910,tv series,year match,7.1,549
Narcos,2015,Series,"Wagner Moura,Pedro Pascal,Boyd Holbrook",2707408,tv series,year and actor match,8.8,338562
After Life,2019,British TV Dramas,"Ricky Gervais,Tom Basden,Tony Way",8398600,tv series,year and actor match,8.5,76962
Into the Night,2020,Drama Programmes,"Pauline Etienne,Laurent Capelluto,Stefano Cassetti",10919486,tv series,year and actor match,7.1,17436
I Am Not Okay With This,2020,Comedy Programmes,"Sophia Lillis,Wyatt Oleff,Kathleen Rose Perkins",9446688,tv series,year and actor match,7.6,33610
Sierra Burgess Is a Loser,2018,Teen Comedies,"Shannon Purser,Kristine Froseth,RJ Cyler",3120280,movie,year and actor match,5.8,33267
The English Game,2020,British TV Dramas,"Edward Holcroft,Kevin Guthrie,Charlotte Hope",8403664,tv mini series,year and actor match,7.6,9610
Longmire,2012,Crime TV Dramas,"Robert Taylor,Katee Sackhoff,Lou Diamond Phillips",1836037,tv series,year and actor match,8.3,27936
The Babysitter,2017,Horror Comedy,"Samara Weaving,Hana Mae Lee,Judah Lewis",4225622,movie,year and actor match,6.3,59059
Criminal: France,2019,Mystery Programmes,"Margot Bancilhon,Laurent Lucas,Stéphane Jobert",10986052,tv series,year and actor match,7.2,2368
Octonauts & the Caves of Sac Actun,2020,Films Based on Children's Books,"Teresa Gallagher,Simon Greenall,Keith Wickham",12759408,movie,year and actor match,6.5,22
Malibu Rescue: The Series,2019,Action & Adventure Programmes,"Ricardo Hurtado,Breanna Yde,Jackie R. Jacobson",9098432,tv series,year and actor match,5.2,631
Street Food: Asia,2019,Social & Cultural Documentaries,,10050778,tv series,year match,8,1895
Hollywood,2020,LGBTQ TV Programmes,"David Corenswet,Jeremy Pope,Darren Criss",9827854,tv mini series,year and actor match,7.6,24673
The OA,2016,Mystery Programmes,"Brit Marling,Jason Isaacs,Emory Cohen",4635282,tv series,year and actor match,7.9,86330
Maniac,2018,Comedy Programmes,"Emma Stone,Jonah Hill,Justin Theroux",5580146,tv mini series,year and actor match,7.8,61622
Pandemic: How to Prevent an Outbreak,2020,Social & Cultural Documentaries,,11497904,tv series,year match,6.3,2379
Cursed,2020,Action & Adventure Programmes,"Katherine Langford,Devon Terrell,Gustaf Skarsgård",8210856,tv series,year and actor match,5.8,16840
Crazyhead,2016,Comedy Programmes,"Cara Theobold,Susan Wokoma,Riann Steele",6038584,tv series,year and actor match,7.3,4143
Feel Good,2020,Comedy Programmes,"Mae Martin,Charlotte Ritchie,Lisa Kudrow",10098620,tv series,year and actor match,7.5,3394
The Society,2019,Drama Programmes,"Kathryn Newton,Gideon Adlon,Sean Berdy",8778064,tv series,year and actor match,7,16635
Jeff Dunham: Beside Himself,2019,Stand-up & Chat Shows,Jeff Dunham,10847194,movie,year and actor match,6.8,799
The Ballad of Buster Scruggs,2018,Comedies,"Liam Neeson,James Franco,Tim Blake Nelson",6412452,movie,year and actor match,7.3,114309
Medical Police,2020,Action & Adventure Programmes,"Erinn Hayes,Rob Huebel,Malin Akerman",9850952,tv series,year and actor match,5.9,3222
Chip and Potato,2019,Canadian TV Programmes,"Abigail Oliver,Andrea Libman,Briana Buckmaster",9897038,tv series,Company Name Match,6.9,78
Taj Mahal 1989,2020,Comedy Programmes,"Neeraj Kabi,Geetanjali Kulkarni,Danish Husain",11725706,tv series,year and actor match,7.5,1003
Locke & Key,2020,Action & Adventure Programmes,"Darby Stanchfield,Connor Jessup,Emilia Jones",3007572,tv series,year and actor match,7.4,35148
Heavy Rescue: 401,2016,Canadian TV Programmes,Dave Pettitt,6385418,tv series,year and actor match,6.9,217
The Stranded,2019,Action & Adventure Programmes,"Papangkorn Lerkchaleampote,Chayanit Chansangavej,Chutavuth Pattarakampol",9310400,tv series,year and actor match,6.3,842
Inside Bill's Brain: Decoding Bill Gates,2019,Biographical Documentaries,Bill Gates,10837476,tv mini series,year and title match,8,7962
A Fall from Grace,2020,Crime Dramas,"Crystal Fox,Phylicia Rashad,Cicely Tyson",11390036,movie,year and actor match,5.8,9931
The Main Event,2020,Comedies,"Seth Carr,Tichina Arnold,Adam Pally",10540242,movie,year and actor match,4.7,1589
Traitors,2019,British TV Dramas,"Emma Appleton,Michael Stuhlbarg,Luke Treadaway",7371896,tv series,year and actor match,6.6,2135
Stay Here,2018,Travel & Adventure Reality TV,"Genevieve Gorder,Peter Lorimer",8773338,tv series,year and actor match,7.5,778
Cheer,2020,Reality TV,,11426660,tv series,year match,8.2,3563
MeatEater,2012,Science & Nature TV,Steven Rinella,2169245,tv series,year and actor match,7.9,868
Travelers,2016,Canadian TV Programmes,"Eric McCormack,MacKenzie Porter,Nesta Cooper",5651844,tv series,year and actor match,8.1,42584
Ever After High,2013,Kids' TV for ages 8 to 10,"Jonquil Goode,Karen Strassman,Audu Paden",3312378,tv series,year and actor match,8,597
Betaal,2020,Action & Adventure Programmes,"Viineet Kumar,Aahana Kumra,Suchitra Pillai",10651790,tv series,year and actor match,5.3,7185
Mythomaniac,2019,French TV Programmes,"Marina Hands,Mathieu Demy,Marie Drion",10677432,tv series,year and actor match,6.8,667
Cuckoo,2012,Sitcoms,"Greg Davies,Taylor Lautner,Andie MacDowell",2222352,tv series,year and actor match,7.3,7519
Bodyguard,2018,Series,"Richard Madden,Keeley Hawes,Gina McKee",7493974,tv series,year and actor match,8.1,86751
Shaun the Sheep: Adventures from Mossy Bottom,2020,TV Cartoons,"John Sparkes,Justin Fletcher,Marcus Brigstocke",11983342,tv series,year and actor match,8,158
The Rise of Phoenixes,2018,TV Programmes Based on Books,"Chen Kun,Ni Ni,Zhao Lixin",7052634,tv series,year and actor match,8.6,1045
Fauda,2015,Action & Adventure Programmes,"Lior Raz,Hisham Suliman,Shadi Mar'i",4565380,tv series,year and actor match,8.2,16422
The World's Most Extraordinary Homes,2017,Travel & Adventure Reality TV,"Piers Taylor,Caroline Quentin",7804132,tv series,year and actor match,7.6,2576
Fugitiva,2018,International Programmes,"Paz Vega,Julio Bracho,Arantza Ruiz",7158972,tv series,year and actor match,5.6,469
Ragnarok,2020,Action & Adventure Programmes,"David Stakston,Herman Tømmeraas,Theresa Frostad Eggesbø",9251798,tv series,year and actor match,7.5,16942
The House of Flowers,2018,Mexican TV Programmes,"Cecilia Suárez,Aislinn Derbez,Darío Yazbek",8387348,tv series,year and actor match,7.7,6253
Inspector Gadget,2015,Canadian TV Programmes,"Ivan Sherry,Tara Strong,Martin Roach",3910690,tv series,year and actor match,4.4,407
GLOW,2017,Series,"Alison Brie,Betty Gilpin,Marc Maron",5770786,tv series,year and actor match,8,38130
Sacred Games,2018,Mystery Programmes,"Saif Ali Khan,Nawazuddin Siddiqui,Pankaj Tripathi",6077448,tv series,year and actor match,8.7,69131
Tidelands,2018,Australian TV Programmes,"Charlotte Best,Elsa Pataky,Marco Pigossi",6898970,tv series,year and actor match,7,6122
Signs,2018,Polish TV Programmes,"Andrzej Konopka,Helena Sujecka,Piotr Trojan",8917248,tv series,year and actor match,6.2,450
Sam Jay: 3 In The Morning,2020,Stand-up & Chat Shows,Sam Jay,12689876,movie,year and actor match,6,185
Well-Intended Love,2019,Comedy Programmes,"Xu Kaicheng,Simona Wang,Ian Yi",9886950,tv series,year and actor match,7.4,801
Fearless,2020,Children & Family Films,"Yara Shahidi,Miles Robbins,Miguel J. Pimentel",8675288,movie,year and actor match,4.7,188
Project Mc²,2015,Kids' TV for ages 8 to 10,"Mika Abdalla,Genneya Walton,Victoria Vida",4861760,tv series,year and actor match,5.9,677
Freud,2020,Series,"Robert Finster,Ella Rumpf,Georg Friedrich",8667956,tv series,year and actor match,6.5,8563
White Lines,2020,British TV Dramas,"Laura Haddock,Nuno Lopes,Marta Milans",9073958,tv series,year and actor match,6.6,11878
The Last Kids on Earth,2019,Canadian TV Programmes,"Nick Wolfhard,Charles Demers,Garland Whitt",8914012,tv series,year and actor match,7.5,608
The Disappearance of Madeleine McCann,2019,True Crime Documentaries,,9879074,tv series,year match,6.6,7556
Can You Hear Me?,2019,Canadian TV Programmes,"Mélissa Bédard,Ève Landry,Florence Longpré",11019806,movie,year and title match,,
Jack Whitehall: Travels with My Father,2017,Comedy Programmes,"Jack Whitehall,Michael Whitehall",7453996,tv series,year and actor match,7.7,3338
Love Alarm,2019,Teen Romance,"Kim So-hyun,Jung Ga-ram,Song Kang",9145880,tv series,year and actor match,7.4,1527
Connected,2020,Science & Nature TV,Latif Nasser,7979580,movie,year and title match,,
The Last Summer,2019,Teen Comedies,"K.J. Apa,Maia Mitchell,Tyler Posey",7957694,movie,year and actor match,5.6,10277
Handsome Siblings,2020,Chinese  Programmes,"Hu Yitian,Chen Zheyuan,Liang Jie",11541444,tv series,year and actor match,8.2,337
The Do-Over,2016,Comedies,"Adam Sandler,David Spade,Paula Patton",4769836,movie,year and actor match,5.7,38613
The Old Guard,2020,Critically-acclaimed Films,"Charlize Theron,KiKi Layne,Marwan Kenzari",7556122,movie,year and actor match,6.7,88392
Diablero,2018,Mexican TV Programmes,"Christopher Von Uckermann,Horacio García Rojas,Gisselle Kuri",7414954,tv series,year and actor match,6.6,2035
Formula 1: Drive to Survive,2019,Sports & Fitness,,8289930,tv series,year match,8.6,15888
The Politician,2019,Comedy Programmes,"Ben Platt,Gwyneth Paltrow,Jessica Lange",7971476,tv series,year and actor match,7.6,16305
Unbelievable,2019,Award-winning TV Programmes,"Toni Collette,Merritt Wever,Kaitlyn Dever",7909970,tv mini series,year and actor match,8.4,62348
Spirit Riding Free: Riding Academy,2020,Animal Tales,"Amber Frank,Bailey Gambertoglio,Sydney Park",11942070,tv series,year and actor match,7.3,21
Kevin Hart: Don’t F**k This Up,2019,Biographical Documentaries,,11313054,tv series,year match,6.5,1591
Quicksand,2019,International Programmes,"Hanna Ardéhn,Felix Sandman,William Spetz",8686106,tv series,year and actor match,7.5,14713
Falling Inn Love,2019,Romantic Comedies,"Christina Milian,Adam Demos,Jeffrey Bowyer-Chapman",9860728,movie,year and actor match,5.6,13970
Little Evil,2017,Horror Comedy,"Adam Scott,Evangeline Lilly,Bridget Everett",2937366,movie,year and actor match,5.7,18111
Nailed It! Spain,2019,Reality TV,"La Terremoto de Alcorcón,Christian Escribà",10981666,tv series,year and actor match,5.6,57
Black,2017,Mystery Programmes,"Song Seung-heon,Go A-ra,Lee El",7298976,tv series,year and actor match,8,2322
When They See Us,,Mystery Programmes,Asante Blackk,7137906,tv mini series,actor match,8.9,80780
The Chef Show,2019,Social & Cultural Documentaries,"Jon Favreau,Roy Choi",10359446,tv series,year and actor match,8.2,3415
True and the Rainbow Kingdom,2017,Canadian TV Programmes,"Michela Luci,Jamie Watson,Anna Claire Bartlam",5607658,tv series,year and actor match,7.1,343
"Game Over, Man!",2018,Comedies,"Adam Devine,Anders Holm,Blake Anderson",3317234,movie,year and actor match,5.4,25077
Captive,2016,Crime Documentaries,,6246500,tv series,year match,7,507
Everything Sucks!,2018,Sitcoms,"Jahi Di'Allo Winston,Peyton Kennedy,Patch Darragh",7078710,tv series,year and actor match,7.5,14055
I Lost My Body,2019,Romantic Dramas,"Hakim Faris,Victoire Du Bois,Patrick d'Assumçao",9806192,movie,year and actor match,7.6,23657
Seriously Single,2020,International Films,"Fulu Mugovhani,Tumi Morake,Bohang Moeko",11010144,movie,year and actor match,4.2,636
Bordertown,2016,Series,"Ville Virtanen,Matleena Kuusniemi,Anu Sinisalo",4937942,tv series,year and actor match,7.6,6393
Aggretsuko: We Wish You a Metal Christmas,2018,Anime,"Kaolip,Shingo Kato,Komegumi Koiwasaki",9416906,episode,year and actor match,7.5,200
Perfume,2018,Mystery Programmes,"Friederike Becht,August Diehl,Wotan Wilke Möhring",6811236,tv series,year and actor match,7.1,6588
Deadwind,2018,Series,"Pihla Viitala,Lauri Tilkanen,Mimosa Willamo",6616260,tv series,year and actor match,7.2,4948
Call My Agent!,2015,French TV Programmes,"Camille Cottin,Thibault de Montalembert,Grégory Montel",4277922,tv series,year and actor match,8.3,4972
Black Earth Rising,2018,Mystery Programmes,"Michaela Coel,John Goodman,Abena Ayivor",7660730,tv series,year and actor match,7.4,3477
Memories of the Alhambra,2018,Korean Programmes,"Hyun Bin,Park Shin-hye,Park Hoon",8236556,tv series,year and actor match,7.8,2829
The Trials of Gabriel Fernandez,2020,Social & Cultural Documentaries,,11822998,tv mini series,year match,8.2,6271
My Holo Love,2020,Korean Programmes,"Yoon Hyun-min,Ko Sung-hee,Choi Yeo-jin",11058644,tv series,year and actor match,7.7,840
The Midnight Gospel,2020,Comedy Programmes,"Duncan Trussell,Phil Hendrie,Drew Pinsky",11639414,tv series,year and actor match,8.3,9200
BONDING,2019,Comedy Programmes,"Zoe Levin,Brendan Scannell,Micah Stock",8333266,movie,year and title match,,
Floor Is Lava,2020,Reality TV,Rutledge Wood,12370124,tv series,year and actor match,5.2,1368
Katt Williams: Great America,2018,Stand-up & Chat Shows,Katt Williams,7752054,movie,year and actor match,6.1,817
The Order,2019,Canadian TV Programmes,"Jake Manley,Sarah Grey,Louriza Tronco",8295472,tv series,year and actor match,6.8,17642
The Adventures of Puss in Boots,2015,TV Cartoons,"Eric Bauza,Jayma Mays,Grey DeLisle",3807034,tv series,year and actor match,6.7,1286
Trailer Park Boys,2001,Canadian TV Programmes,"Mike Smith,John Paul Tremblay,Robb Wells",290988,tv series,year and actor match,8.4,36137
Mako Mermaids: An H2O Adventure,2013,Kids' TV for ages 8 to 10,"Lucy Fry,Ivy Latimer,Amy Ruffle",2548214,tv series,year and actor match,6.9,3035
Curon,2020,Drama Programmes,"Valeria Bilello,Luca Lionello,Federico Russo",10101518,tv series,year and actor match,5.8,2482
Baby Ballroom,2017,Reality TV,"Warren Bullock,Jane Bullock",8159960,tv series,year and actor match,7.8,138
Our Planet,2019,Award-winning TV Programmes,David Attenborough,9253866,tv mini series,year and actor match,9.3,27848
Flaked,2016,Comedy Programmes,"Will Arnett,David Sullivan,Ruth Kearney",4973548,tv series,year and actor match,7.2,10066
Desperados,2020,Quirky Romance,"Nasim Pedrad,Anna Camp,Lamorne Morris",1545304,movie,year and actor match,5.2,6500
The Victims' Game,2020,Taiwanese TV Programmes,"Joseph Chang,Hsu Wei-ning,Jason Wang",12079212,tv series,year and title match,7.4,713
One of Us,2016,Mystery Programmes,"Georgina Campbell,Joe Dempsie,Adrian Edmondson",5149528,tv mini series,year and actor match,7,6027
The Speed Cubers,2020,Biographical Documentaries,,12038300,movie,year match,7.5,1284
Trolls: The Beat Goes On!,2018,Kids' TV for ages 8 to 10,"Amanda Leighton,Skylar Astin,Sean T. Krishnan",7539608,tv series,year and actor match,5.8,640
Marvel's Iron Fist,2017,Action & Adventure Programmes,"Finn Jones,Jessica Henwick,David Wenham",3322310,tv series,year and actor match,6.5,110876
Father of the Year,2018,Comedies,"David Spade,Nat Faxon,Joey Bragg",7256866,movie,year and actor match,5.2,9475
Chef's Table,2015,Award-winning TV Programmes,David Gelb,4295140,tv series,year and title match,8.6,12669
Crashing,2016,Sitcoms,"Phoebe Waller-Bridge,Jonathan Bailey,Adrian Scarborough",5295524,tv series,year and actor match,7.7,11589
Vagabond,2019,Action & Adventure Programmes,"Lee Seung-gi,Bae Suzy,Shin Sung-rok",8523042,tv series,year and actor match,8.3,2785
Gentefied,2020,Comedy Programmes,"J.J. Soria,Carlos Santos,Karrie Martin",10037034,tv series,year and actor match,7.3,1425
Nappily Ever After,2018,Romantic Dramas,"Sanaa Lathan,Ricky Whittle,Lynn Whitfield",365545,movie,year and actor match,6.4,7463
"Love, Death & Robots",2019,Action & Adventure Programmes,"Topher Grace,Mary Elizabeth Winstead,Gary Cole",9561862,tv series,year and actor match,8.5,87835
The Kissing Booth 2,2020,Teen Comedies,"Joey King,Joel Courtney,Jacob Elordi",9784456,movie,year and actor match,5.9,13250
Brainchild,2018,Kids' TV for ages 8 to 10,"Sahana Srinivasan,Alie Ward,Ben Seidman",9203042,tv series,year and actor match,8.1,276
Queen Sono,2020,Action & Adventure Programmes,"Pearl Thusi,Vuyo Dabula,Loyiso Madinga",9426290,tv series,year and actor match,5.9,847
Llama Llama,2018,Animal Tales,"Jennifer Garner,Shayle Simons,Vania Gill",4781350,tv series,year and actor match,6.3,225
The Haunting of Hill House,2018,TV Programmes Based on Books,"Michiel Huisman,Carla Gugino,Timothy Hutton",6763664,tv series,year and actor match,8.7,151642
Larva Island,2018,Little Kids,"Hong Bum-ki,Eddy Lee,Ahn Hyo-min",9077194,tv series,year and actor match,6.4,292
The Dragon Prince,2018,Kids' TV for ages 11 to 12,"Jack De Sena,Sasha Rojen,Jason Simpson",8688814,tv series,year and actor match,8.4,14543
Busted!,2018,Mystery Programmes,"Yoo Jae-suk,Kim Jong-min,Lee Seung-gi",8328460,tv series,year and actor match,7.5,460
Twogether,2020,Travel & Adventure Reality TV,"Lee Seung-gi,Jasper Liu",12486430,tv series,year and actor match,8.7,167
Disenchantment,2018,Action & Adventure Programmes,"Abbi Jacobson,Eric André,Nat Faxon",5363918,tv series,year and actor match,7.2,40943
The Christmas Chronicles,2018,Comedies,"Kurt Russell,Darby Camp,Judah Lewis",2990140,movie,year and actor match,7.1,42768
Toy Boy,2019,International Programmes,"Jesús Mosquera,Cristina Castaño,María Pedraza",8693266,tv series,year and actor match,6.5,4321
Hello Ninja,2019,Canadian TV Programmes,"Lukas Engel,Zoey Siewert,Sam Vincent",10687170,tv series,year and actor match,7.4,73
3%,2016,Brazilian TV Programmes,"Bianca Comparato,Vaneza Oliveira,Rodolfo Valente",4922804,tv series,year and actor match,7.4,19787
"Coronavirus, Explained",2020,Social & Cultural Documentaries,,12189310,tv mini series,year match,7.7,1237
Hilda,2018,Kids' TV for ages 8 to 10,"Bella Ramsey,Ameerah Falzon-Ojo,Oliver Nelson",6385540,tv series,year and actor match,8.6,5345
Beyond Stranger Things,2017,Stand-up & Chat Shows,"Jim Rash,Matt Duffer,Ross Duffer",7570990,tv series,year and actor match,7.5,1693
The Witcher,2019,Action & Adventure Programmes,"Henry Cavill,Anya Chalotra,Freya Allan",5180504,tv series,year and actor match,8.2,265264
The Great Heist,2020,Spanish-language TV Programmes,"Andrés Parra,Christian Tappan,Marcela Benjumea",12624844,tv series,year and actor match,7.3,210
Churchill’s Secret Agents: The New Recruits,2018,Reality TV,,8268994,tv mini series,year match,7.6,420
Amazing Interiors,2018,Reality TV,,8747342,tv series,year match,6.7,604
Dinotrux Supercharged,2017,Little Kids,"Andrew Francis,Richard Ian Cox,Brian Drummond",7620702,tv series,year and actor match,7.1,67
The Protector,2018,Action & Adventure Programmes,"Çağatay Ulusoy,Ayça Ayşin Turan,Hazar Ergüçlü",7668518,tv series,year and actor match,6.8,30132
Unbreakable Kimmy Schmidt: Kimmy vs. the Reverend,2020,Sitcoms,"Ellie Kemper,Jane Krakowski,Tituss Burgess",10324166,tv movie,year and actor match,7.3,2017
Marvel's Luke Cage,2016,Action & Adventure Programmes,"Mike Colter,Alfre Woodard,Rosario Dawson",3322314,tv series,year and actor match,7.3,113510
Orange Is the New Black,2013,LGBTQ TV Programmes,"Taylor Schilling,Kate Mulgrew,Laura Prepon",2372162,tv series,year and actor match,8.1,273683
Danger Mouse,2015,Kids' TV for ages 8 to 10,"Alexander Armstrong,Kevin Eldon,Stephen Fry",4196822,tv series,year and actor match,7.1,437
The Letdown,2017,Award-winning TV Programmes,"Alison Bell,Duncan Fellows,Sacha Horler",7320300,tv series,year and actor match,7.5,2509
Brotherhood,2019,Series,"Naruna Costa,Seu Jorge,Hermila Guedes",7220118,movie,year and title match,4.8,110
The Baby-Sitters Club,2020,Kids' TV for ages 8 to 10,"Sophie Grace,Momona Tamada,Shay Rudolph",8690518,tv series,year and actor match,7.4,1666
Dead to Me,2019,Award-winning TV Programmes,"Christina Applegate,Linda Cardellini,James Marsden",8064302,tv series,year and actor match,8,48323
Work It,2020,Teen Comedies,"Sabrina Carpenter,Jordan Fisher,Liza Koshy",10276470,movie,year and actor match,6.2,4293
Giri / Haji,2019,Award-winning TV Programmes,"Takehiro Hira,Kelly Macdonald,Yosuke Kubozuka",8001106,tv series,year and actor match,7.9,7637
Never Have I Ever,2020,Comedy Programmes,"Maitreyi Ramakrishnan,Poorna Jagannathan,Richa Moorjani",10062292,tv series,year and actor match,8,19578
Dear White People,2017,Award-winning TV Programmes,"Logan Browning,Brandon P. Bell,DeRon Horton",5707802,tv series,year and actor match,6.3,21487
"Club de Cuervos Presents: I, Potro",2018,Mexican TV Programmes,"Joaquín Ferreira,Marcela Álvarez,Benjamín Alfonso",9154584,tv movie,year and actor match,6.3,393
Cable Girls,2017,LGBTQ TV Programmes,"Blanca Suárez,Yon González,Ana Fernández",5674718,tv series,year and actor match,7.7,10913
Tall Girl,2019,Teen Romance,"Ava Michelle,Griffin Gluck,Sabrina Carpenter",9252508,movie,year and actor match,5.2,16015
Rise of Empires: Ottoman,2020,Military Documentaries,"Charles Dance,Cem Yiğit Üzümoğlu,Tuba Büyüküstün",9244578,tv mini series,year and actor match,8,15840
Dragons: Race to the Edge,2015,Action & Adventure Programmes,"Jay Baruchel,America Ferrera,Christopher Mintz-Plasse",4816058,tv series,year and actor match,8.3,4411
Dirty Money,2018,Social & Cultural Documentaries,,7889220,tv series,year match,8.1,7307
Motown Magic,2018,Little Kids,"Avia Fields,Marissa Margaux,Monie Mon",8959860,tv series,year and actor match,7.8,244
The Crown,2016,Series,"Olivia Colman,Helena Bonham Carter,Tobias Menzies",4786824,tv series,year and actor match,8.7,115904
Bottersnikes & Gumbles,2016,Little Kids,"Jason Callender,Kathryn Drysdale,Akiya Henry",6015820,tv series,Company Name Match,5.1,37
The Queen of Flow,2018,Spanish-language TV Programmes,"Carolina Ramírez,Carlos Torres,Andrés Sandoval",8560918,tv series,year and actor match,7.9,497
Boca Juniors Confidential,2018,International Documentaries,,8893546,tv series,year match,6.4,247
Nailed It!,2018,Reality TV,"Nicole Byer,Jacques Torres",6987788,tv series,year and actor match,7.4,3552
(Un)Well,2020,Reality TV,,12759384,tv series,year match,6.1,135
The Worst Witch,2017,Kids' TV for ages 8 to 10,"Bella Ramsey,Clare Higgins,Raquel Cassidy",5721172,tv series,year and actor match,7.4,1538
Kingdom,2019,Korean Programmes,"Ju Ji-hoon,Ryu Seung-ryong,Bae Doona",6611916,tv series,year and actor match,8.4,25562
Car Masters: Rust to Riches,2018,Reality TV,"Mark Towle,Shawn Pilot,Constance Nunes",8893550,tv series,year and actor match,8.8,6901
Spirit Riding Free,2017,Animal Tales,"Amber Frank,Sydney Park,Bailey Gambertoglio",6710836,tv series,year and actor match,6.5,769
Omniscient,2020,Brazilian TV Programmes,"Carla Salle,Sandra Corveloni,Jonathan Haagensen",11542920,tv series,year and actor match,6.3,1212
Tuca & Bertie,2019,Award-winning TV Programmes,"Tiffany Haddish,Ali Wong,Steven Yeun",8036272,tv series,year and actor match,7.4,4437
Million Yen Women,2017,Series,"Yojiro Noda,Rila Fukushima,Rena Matsui",6686450,tv mini series,year and actor match,7.7,1310
Luna Nera,2020,Teen Programmes,"Antonia Fotaras,Giorgio Belli,Manuela Mandracchia",8403622,tv series,year and actor match,5.5,1876
Meteor Garden,2018,Teen Romance,"Shen Yue,Dylan Wang,Darren Chen",8690890,tv series,year and actor match,8.1,2387
Between,2015,Canadian TV Programmes,"Jennette McCurdy,Jesse Carere,Ryan Allen",4132692,tv series,year and actor match,6,8073
The Gift,2019,Mystery Programmes,"Beren Saat,Mehmet Günsür,Metin Akdülger",10075318,tv series,year and actor match,7.6,14132
Designated Survivor,2016,Crime TV Dramas,"Kiefer Sutherland,Maggie Q,Kal Penn",5296406,tv series,year and actor match,7.5,71632
Jailbirds,2019,Reality TV,,10243628,tv series,year match,7.2,783
Wanderlust,2018,British TV Dramas,"Toni Collette,Steven Mackintosh,Zawe Ashton",7608238,tv series,year and actor match,7,4136
The Search,2020,Spanish-language TV Programmes,"Darío Yazbek,Diana Bovio,Regina Blandón",12364156,tv mini series,year and actor match,5.4,438
13 Reasons Why,2017,Courtroom TV Dramas,"Dylan Minnette,Katherine Langford,Alisha Boe",1837492,tv series,year and actor match,7.7,246801
Black Spot,2017,French TV Programmes,"Suliane Brahim,Hubert Delattre,Laurent Capelluto",6519410,tv series,year and actor match,7.5,6620
Babies,2020,Social & Cultural Documentaries,,11744632,tv series,year match,6.9,503
The Perfect Date,2019,Teen Comedies,"Noah Centineo,Laura Marano,Camila Mendes",8201170,movie,year and actor match,5.8,30146
Southern Survival,2020,Reality TV,,12588286,tv series,year match,5.8,231
Green Eggs and Ham,2019,TV Cartoons,"Michael Douglas,Adam Devine,Keegan-Michael Key",4651448,tv series,year and actor match,8.2,1613
Last Chance U,2016,Social & Cultural Documentaries,,5863126,tv series,year match,8.5,5687
Too Hot to Handle,2020,Reality TV,Desiree Burch,12004280,tv series,year and actor match,4.5,6889
The Lovebirds,2020,Quirky Romance,"Issa Rae,Kumail Nanjiani,Paul Sparks",8851668,movie,year and actor match,6,17544
Lost in Space,2018,Series,"Molly Parker,Toby Stephens,Maxwell Jenkins",5232792,tv series,year and actor match,7.3,69978
Ultimate Beastmaster,,Series,Tiki Barber,5607970,tv series,actor match,7.3,1991
Unauthorized Living,2018,LGBTQ TV Programmes,"José Coronado,Álex González,Claudia Traisac",6970700,tv series,year and actor match,7.5,2418
Raising Dion,2019,Kids' TV for ages 11 to 12,"Alisha Wainwright,Ja'Siah Young,Jason Ritter",7826108,tv series,year and actor match,7.2,8065
Jeffrey Epstein: Filthy Rich,2020,True Crime Documentaries,,12312250,tv mini series,year match,7.1,13045
Down to Earth with Zac Efron,2020,Travel & Adventure Reality TV,"Zac Efron,Darin Olien",12585152,tv mini series,year and actor match,8.2,3469
Creeped Out,2017,Kids' TV for ages 8 to 10,"Victoria Diamond,William Romain,Sydney Wade",7573024,tv series,year and actor match,6.6,1240
Dawn of the Croods,2015,Kids' TV for ages 8 to 10,"Stephanie Lemelin,A.J. LoCascio,Dan Milano",5193172,tv series,year and actor match,6,478
The Epic Tales of Captain Underpants,2018,TV Cartoons,"Nat Faxon,Jay Gragnani,Ramone Hamilton",7741830,tv series,year and actor match,6.7,602
Unsolved Mysteries,2020,True Crime Documentaries,,9642938,tv series,year match,7.4,4629
The Willoughbys,2020,Comedies,"Will Forte,Maya Rudolph,Ricky Gervais",5206260,movie,year and actor match,6.4,10798
Apache: The Life of Carlos Tevez,2019,Crime TV Dramas,"Balthazar Murillo,Vanesa González,Alberto Ajaka",10715172,tv series,year and actor match,6.6,1159
Possessed,2019,Korean Programmes,"Song Sae-byeok,Go Joon-hee,Youn Jung-hoon",9537306,tv series,year and actor match,7,394
The Innocents,2018,British TV Dramas,"Sorcha Groundsell,Percelle Ascott,Guy Pearce",8021824,tv series,year and actor match,6.3,4991
Delhi Crime,2019,Crime TV Dramas,"Shefali Shah,Rajesh Tailang,Rasika Dugal",9398466,tv series,year and actor match,8.5,10096
Teenage Bounty Hunters,2020,Teen Romance,"Anjelica Bette Fellini,Maddie Phillips,Kadeem Hardison",10584608,tv series,year and actor match,7.5,660
Criminal: UK,2019,Mystery Programmes,"Katherine Kelly,Lee Ingleby,Mark Stanley",9348692,tv series,year and actor match,7.4,8256
Troy: Fall of a City,2018,Action & Adventure Programmes,"Louis Hunter,Bella Dayne,Frances O'Connor",5103758,tv series,year and actor match,3.8,11496
Club de Cuervos Presents: The Ballad of Hugo Sánchez,2018,Mexican TV Programmes,"Jesús Zavala,Ianis Guerrero,Mauro Mauad",8498114,tv series,year and actor match,6.5,644
Edha,2018,Spanish-language TV Programmes,"Juana Viale,Andrés Velencoso,Delfina Chaves",7956274,tv series,year and actor match,4.7,555
Club de Cuervos,2015,Spanish-language TV Programmes,"Luis Gerardo Méndez,Mariana Treviño,Stephanie Cayo",4680240,tv series,year and actor match,8.2,4731
The Healing Powers of Dude,2020,Animal Tales,"Jace Chapman,Larisa Oleynik,Tom Everett Scott",10540562,tv series,year and actor match,6.3,513
Greenhouse Academy,2017,Kids' TV for ages 8 to 10,"Ariel Mortman,Finn Roberts,Chris O'Neal",6076336,tv series,year and actor match,7,4539
Monkey Twins,2018,Action & Adventure Programmes,"Phakin Khamwilaisak,Sumret Muengput,Alisa Kunkwaeng",8507498,tv series,year and actor match,7.8,74
How to Sell Drugs Online (Fast),2019,Teen Programmes,"Maximilian Mundt,Danilo Kamperidis,Lena Klenke",9184994,tv series,year and actor match,7.9,15939
Chambers,2019,Mystery Programmes,"Sivan Alyra Rose,Uma Thurman,Tony Goldwyn",7949204,tv series,year and actor match,6.5,6676
Collateral,2018,British TV Dramas,"Carey Mulligan,John Simm,Nicola Walker",6729080,tv mini series,year and actor match,6.7,12308
Sweet Magnolias,2020,Romance Programmes,"JoAnna Garcia Swisher,Brooke Elliott,Heather Headley",9077540,tv series,year and actor match,7.4,5622
Zumbo's Just Desserts,2016,Reality TV,"Adriano Zumbo,Rachel Khoo",7239256,tv series,year and actor match,6.9,1702
Marvel's Daredevil,2015,Action & Adventure Programmes,"Charlie Cox,Deborah Ann Woll,Elden Henson",3322312,tv series,year and actor match,8.6,352356
Charlie's Colorforms City,2019,Little Kids,"Jacob Soley,Saara Chaudry,Tyler Barish",8115672,tv series,year and actor match,7.9,90
Kong: King of the Apes,2016,Kids' TV for ages 8 to 10,"Lee Tockar,Sam Vincent,Alessandro Juliani",5462936,tv series,year and actor match,5.7,263
Gunjan Saxena: The Kargil Girl,2020,International Films,"Janhvi Kapoor,Pankaj Tripathi,Angad Bedi",10350626,movie,year and actor match,5.3,16501
The Kominsky Method,2018,Series,"Michael Douglas,Alan Arkin,Sarah Baker",7255502,tv series,year and actor match,8.2,22026
Paranoid,2016,British TV Dramas,"Indira Varma,Robert Glenister,Dino Fetscher",5839454,tv mini series,year and actor match,6.7,6260
Aggretsuko,2018,Anime,"Kaolip,Komegumi Koiwasaki,Maki Tsuruta",8019444,tv series,year and actor match,8,4156
Skin Decision: Before and After,2020,Reality TV,,12588326,tv series,year match,5.6,208
Paquita Salas,2016,Sitcoms,"Brays Efe,Belén Cuesta,Lidia San José",5866074,tv series,year and actor match,8,2206
Almost Happy,2020,Comedy Programmes,"Sebastián Wainraich,Natalie Pérez,Santiago Korovsky",12146940,tv series,year and actor match,6.7,501
"Gabriel ""Fluffy"" Iglesias: One Show Fits All",2019,Stand-up & Chat Shows,Gabriel Iglesias,9426212,movie,year and actor match,7.3,1362
VeggieTales in the House,2014,Little Kids,"Phil Vischer,Mike Nawrocki,Rob Paulsen",3692064,tv series,year and actor match,4.5,238
Mr. Iglesias,2019,Sitcoms,"Gabriel Iglesias,Sherri Shepherd,Jacob Vargas",8403536,tv series,year and actor match,7.1,4624
Step Sisters,2018,Teen Comedies,"Megalyn Echikunwoke,Eden Sher,Lyndon Smith",5267472,movie,year and actor match,5.4,3871
72 Dangerous Animals: Asia,2018,Australian TV Programmes,Bob Brisbane,8728268,tv series,year and actor match,6.6,343
The Umbrella Academy,2019,Action & Adventure Programmes,"Ellen Page,Tom Hopper,David Castañeda",1312171,tv series,year and actor match,8,119819
Marvel's The Defenders,2017,Action & Adventure Programmes,"Charlie Cox,Krysten Ritter,Mike Colter",4230076,tv mini series,year and actor match,7.3,86859
VeggieTales in the City,2017,Little Kids,"Phil Vischer,Mike Nawrocki,Rob Paulsen",6562134,tv series,year and actor match,6.2,80
Three Days of Christmas,2019,Spanish-language TV Programmes,"Victoria Abril,Elena Anaya,Mar Ayala",9731254,tv mini series,year and actor match,6.8,786
She's Gotta Have It,2017,Comedy Programmes,"DeWanda Wise,Cleo Anthony,Lyriq Bent",3713588,tv series,year and actor match,6.6,3888
Interior Design Masters,2019,Reality TV,Fearne Cotton,8367694,tv series,year and actor match,6.6,678
The Break,2016,Series,"Yoann Blanc,Guillaume Kerbush,Anne Coesens",4792480,tv series,year and actor match,7.7,4766
Rugal,2020,Action & Adventure Programmes,"Choi Jin-hyuk,Park Sung-woong,Cho Dong-hyuk",11769798,tv series,year and actor match,6.5,357
Black Summer,2019,Action & Adventure Programmes,"Jaime King,Justin Chu Cary,Christine Lee",8923854,tv series,year and actor match,6.4,17618
Terrace House: Opening New Doors,2017,Reality TV,"You,Reina Triendl,Yoshimi Tokui",7776244,tv series,year and actor match,7.8,737
Gabriel lglesias: I’m Sorry For What I Said When I Was Hungry,2016,Stand-up & Chat Shows,Gabriel Iglesias,6302122,movie,year and actor match,7.4,2105
Girls Incarcerated,2018,Reality TV,,8092942,tv series,year match,7.3,859
Examination of Conscience,2019,True Crime Documentaries,"Enric Hernández,Luis Mauri,Albert Solé",9584024,tv mini series,year and title match,7.9,312
Wild District,2018,Spanish-language TV Programmes,"Juan Pablo Raba,Cristina Umaña,Susana Torres",8105958,tv series,year and actor match,8.3,1497
The Chalet,2018,Mystery Programmes,"Chloé Lambert,Philippe Dusseau,Emilie de Preissac",8185084,episode,year and actor match,7.5,116
Glitch Techs,2020,Kids' TV for ages 8 to 10,"Ricardo Hurtado,Monica Ray,Luke Youngblood",7697062,tv series,year and actor match,7.9,357
The Larva Island Movie,2020,Children & Family Films,"Hong Bum-ki,Eddy Lee,Kang Shi-hyun",12588448,movie,year and actor match,5,254
Back with the Ex,2018,Reality TV,,9316002,tv series,year match,6.3,452
Romance Is a Bonus Book,2019,Korean Programmes,"Lee Jong-suk,Lee Na-young,Jung Eugene",9130542,tv series,year and title match,8.1,2163
You vs. Wild,2019,Action & Adventure Programmes,Bear Grylls,10044952,tv series,year and actor match,6.7,1923
Carmen Sandiego,2019,Canadian TV Programmes,"Gina Rodriguez,Finn Wolfhard,Abby Trott",7042146,tv series,year and actor match,7.9,3307
Love Is Blind,2020,Reality TV,"Nick Lachey,Vanessa Lachey",11704040,tv series,year and actor match,6,4192
Bloodline,2015,Series,"Kyle Chandler,Ben Mendelsohn,Sissy Spacek",3520702,tv series,year and actor match,8,42329
Project Power,2020,Crime Action & Adventure,"Jamie Foxx,Joseph Gordon-Levitt,Dominique Fishback",7550000,movie,year and actor match,6.1,15299
6 Underground,2019,Action Thrillers,"Ryan Reynolds,Mélanie Laurent,Corey Hawkins",8106534,movie,year and actor match,6.1,128249
Made in Mexico,2018,Reality TV,,8871764,tv series,year match,4,682
Family Business,2019,French TV Programmes,"Jonathan Cohen,Gérard Darmon,Julia Piaton",10423460,tv series,year and actor match,7.2,1067
Gilmore Girls: A Year in the Life,2016,Comedy Programmes,"Lauren Graham,Alexis Bledel,Kelly Bishop",5435008,tv mini series,year and actor match,7.7,28128
The King: Eternal Monarch,2020,Crime TV Dramas,"Lee Min-ho,Kim Go-eun,Woo Do‑hwan",11228748,tv series,year and actor match,8.4,3303
The Epic Tales of Captain Underpants in Space,2020,TV Cartoons,"Nat Faxon,Jay Gragnani,Ramone Hamilton",12580610,tv series,year and actor match,6.9,19
Love,2016,Comedy Programmes,"Gillian Jacobs,Paul Rust,Claudia O'Doherty",4061080,tv series,year and actor match,7.7,35531
Spenser Confidential,2020,Mysteries,"Mark Wahlberg,Winston Duke,Alan Arkin",8629748,movie,year and actor match,6.2,60274
Crime Diaries: Night Out,2019,Spanish-language TV Programmes,"Sebastián Osorio,Fabiana Medina,Laura Osma",10242266,tv mini series,year and actor match,7.3,583
You,2018,Crime TV Dramas,"Penn Badgley,Elizabeth Lail,Victoria Pedretti",7335184,tv series,year and actor match,7.8,128576
Sense8,2015,LGBTQ TV Programmes,"Tuppence Middleton,Brian J. Smith,Bae Doona",2431438,tv series,year and actor match,8.3,134598
Queer Eye,2018,Award-winning TV Programmes,"Bobby Berk,Karamo Brown,Tan France",7259746,tv series,year and actor match,8.5,14701
1983,2018,Polish TV Programmes,"Robert Więckiewicz,Maciej Musiał,Michalina Olszańska",7371666,tv series,year and title match,6.8,3490
Control Z,2020,Mexican TV Programmes,"Ana Valeria Becerril,Michael Ronda,Yankel Stevan",11937662,tv series,year and actor match,6.9,3348
Fast & Furious Spy Racers,2019,Kids' TV for ages 8 to 10,"Tyler Posey,Charlet Chung,Jorge Diaz",8322592,tv series,year and actor match,5.3,689
72 Dangerous Animals: Latin America,2017,Australian TV Programmes,Bob Brisbane,7909708,tv mini series,year and actor match,6.7,361
The Pharmacist,2020,Social & Cultural Documentaries,,11600174,tv mini series,year match,7.8,4561
Blazing Transfer Students,2017,Action & Adventure Programmes,"Daiki Shigeoka,Akito Kiriyama,Junta Nakama",7931520,tv series,year and actor match,7.3,87
Wolf,2018,Action & Adventure Programmes,"Ahu Türkpençe,Serkan Çayoğlu,Murat Arkın",7146600,tv mini series,year and actor match,8.2,5607
The Confession Tapes,2017,Social & Cultural Documentaries,Kelly Loudenberg,7349602,tv series,year and title match,7.5,4499
On My Block,2018,Teen Romance,"Sierra Capri,Jason Genao,Brett Gray",7879820,tv series,year and actor match,8.1,9627
Wild Wild Country,2018,Award-winning TV Programmes,,7768848,tv mini series,year match,8.2,22394
Awake: The Million Dollar Game,2019,Reality TV,James Davis,10370956,tv series,year and actor match,5.9,572
Evil Genius: the True Story of America's Most Diabolical Bank Heist,2018,Mystery Programmes,,8342862,tv mini series,year match,7.6,20722
Lovesick,2014,Sitcoms,"Johnny Flynn,Antonia Thomas,Daniel Ings",4051832,tv series,year and actor match,8.1,14820
Neo Yokio,2017,Comedy Programmes,"Jaden Smith,Jude Law,Tavi Gevinson",7343832,tv series,year and actor match,5.8,2921
Mystic Pop-up Bar,2020,Korean Programmes,"Hwang Jung-eum,Yook Sung-jae,Choi Won-young",12246190,tv series,year and title match,8,555
Haunted,2018,Reality TV,,9077192,tv series,year match,4.5,2157
The Wrong Missy,2020,Quirky Romance,"David Spade,Lauren Lapkus,Nick Swardson",9619798,movie,year and actor match,5.7,28008
Fear City: New York vs The Mafia,2020,True Crime Documentaries,,12588372,tv mini series,year match,7.2,3524
Another Life,2019,Action & Adventure Programmes,"Katee Sackhoff,Justin Chatwin,Samuel Anderson",8369840,tv series,year and actor match,4.9,22852
White Rabbit Project,2016,Reality TV,"Tory Belleci,Kari Byron,Grant Imahara",6048644,tv series,year and actor match,6.9,1480
Four Seasons in Havana,2016,Crime TV Dramas,"Jorge Perugorría,Carlos Enrique Almirante,Mario Guerra",6164872,tv mini series,year and actor match,7.6,963
The Investigator: A British Crime Story,2016,True Crime Documentaries,"Mark Williams-Thomas,Rick Warden,Frances Millar",5900164,tv series,year and actor match,5.7,1341
Chilling Adventures of Sabrina,2018,TV Shows Based on Comics,"Kiernan Shipka,Ross Lynch,Miranda Otto",7569592,tv series,year and actor match,7.6,67649
Fastest Car,2018,Reality TV,,8295694,tv series,year match,7.1,1030
Peaky Blinders,2013,Award-winning TV Programmes,"Cillian Murphy,Sam Neill,Helen McCrory",2442560,tv series,year and actor match,8.8,303938
Arthdal Chronicles,2019,Korean Programmes,"Song Joong-ki,Jang Dong-gun,Kim Ji-won",8750956,tv series,year and title match,8.4,2098
The Family,2019,Social & Cultural Documentaries,"James Cromwell,David Rysdahl,Ben Rosenfield",10715148,tv series,year and actor match,6.4,2748
Trailer Park Boys: The Animated Series,2019,Comedy Programmes,"Mike Smith,John Paul Tremblay,Robb Wells",9814900,tv series,year and actor match,7.5,2016
The Innocence Files,2020,Social & Cultural Documentaries,,11958922,tv mini series,year match,8,1658
Nailed It! Holiday!,2018,Reality TV,"Nicole Byer,Jacques Torres",8760264,tv series,year and actor match,7.8,787
Robozuna,2018,Kids' TV for ages 8 to 10,"Taylor Clarke-Hill,Tom Clarke-Hill,Larissa Murray",8454808,tv series,year and actor match,6.1,71
Money Heist,2017,Spanish-language TV Programmes,"Úrsula Corberó,Álvaro Morte,Itziar Ituño",6468322,tv series,year and actor match,8.4,264324
The Magic School Bus Rides Again,2017,Canadian TV Programmes,"Kate McKinnon,Miles Koseleci-Vieira,Mikaela Blake",3869122,tv series,year and actor match,6.2,597
Sebastian Maniscalco: Stay Hungry,2019,Stand-up & Chat Shows,Sebastian Maniscalco,9482786,movie,year and actor match,7.1,992
Sunderland 'Til I Die,2018,Social & Cultural Documentaries,,8914684,tv series,year match,8.2,5887
Space Force,2020,Comedy Programmes,"Steve Carell,John Malkovich,Ben Schwartz",9612516,tv series,year and actor match,6.8,37995
Malibu Rescue: The Next Wave,2020,Children & Family Films,"Ricardo Hurtado,Breanna Yde,Jackie R. Jacobson",11032990,movie,year and actor match,4.7,295
History 101,2020,Social & Cultural Documentaries,,11958648,tv series,year match,6.6,2383
The Good Cop,2018,Crime TV Dramas,"Tony Danza,Josh Groban,Monica Barbaro",7183074,tv series,year and actor match,7,4632
The Half Of It,2020,Romantic Dramas,"Leah Lewis,Daniel Diemer,Alexxis Lemire",9683478,movie,year and actor match,6.9,22848
The Seven Deadly Sins,2014,Anime Action,"Yuki Kaji,Sora Amamiya,Misaki Kuno",3909224,tv series,year and actor match,8.1,19450
Skylanders Academy,2016,Kids' TV for ages 8 to 10,"Justin Long,Jason Ritter,Ashley Tisdale",5916218,tv series,year and actor match,6.5,549
Osmosis,2019,French TV Programmes,"Agathe Bonitzer,Hugo Becker,Gaël Kamilindi",7043380,tv series,year and actor match,5.8,2351
Marco Polo,2014,Action & Adventure Programmes,"Lorenzo Richelmy,Benedict Wong,Chin Han",2189461,tv series,year and actor match,8,61908
Ask the StoryBots,2016,Little Kids,"Judy Greer,Erin Fitzgerald,Fred Tatasciore",5846856,tv series,year and actor match,8.3,644
Feel the Beat,2020,Comedies,"Sofia Carson,Wolfgang Novogratz,Donna Lynne Champlin",10714856,movie,year and actor match,6.3,5795
F is for Family,2015,Sitcoms,"Bill Burr,Laura Dern,Justin Long",4326894,tv series,year and actor match,8,27406
Dave Chappelle: Sticks & Stones,2019,Stand-up & Chat Shows,Dave Chappelle,10810424,movie,year and actor match,8.5,20514
To All the Boys: P.S. I Still Love You,2020,Teen Comedies,"Lana Condor,Noah Centineo,Jordan Fisher",9354842,movie,year and actor match,6,20831
On Children,2018,Chinese  Programmes,"Chuan-Chen Yeh,Chung Hsin-ling,Frances Wu",8507402,tv mini series,year and actor match,7.3,283
Watership Down,2018,Action & Adventure Programmes,"James McAvoy,Nicholas Hoult,John Boyega",5670764,tv mini series,year and actor match,7.2,4848
When Heroes Fly,2018,Action & Adventure Programmes,"Tomer Kapon,Ninet Tayeb,Michael Aloni",8220344,tv series,year and actor match,7.3,2109
Tijuana,2019,Mexican TV Programmes,"Damián Alcázar,Tamara Vallarta,Rolf Petersen",8027624,tv series,year and actor match,7.1,269
La Mante,2017,French TV Programmes,"Carole Bouquet,Fred Testot,Pascal Demolon",6467482,tv mini series,year and actor match,7.5,9750
Dark,2017,Series,"Louis Hofmann,Oliver Masucci,Jördis Triebel",5753856,tv series,year and actor match,8.8,240204
Dracula,2020,British TV Dramas,"Claes Bang,Dolly Wells,John Heffernan",9139220,tv mini series,year and actor match,6.8,38883
"Hi Bye, Mama!",2020,Korean Programmes,"Kim Tae-hee,Lee Kyoo-hyung,Go Bo-gyeol",11804034,tv series,year and actor match,8,776
Crime Diaries: The Candidate,2019,Spanish-language TV Programmes,"Jorge A. Jiménez,Ilse Salas,Alberto Guerra",9327348,tv series,year and actor match,7.6,627
Dark Desire,2020,Spanish-language TV Programmes,"Maite Perroni,Erik Hayser,Alejandro Speitzer",12540080,tv series,year and actor match,6.3,1692
Flinch,2019,Reality TV,"Desiree Burch,Lloyd Griffith,Seann Walsh",9196244,tv series,year and actor match,4.1,584
Dinotrux,2015,Little Kids,"Andrew Francis,Richard Ian Cox,Ashleigh Ball",1396212,tv series,year and actor match,7,375
The Stranger,2020,Mystery Programmes,"Richard Armitage,Siobhan Finneran,Jennifer Saunders",9698480,tv series,year and actor match,7.3,29393
Jimmy: The True Story of a True Idiot,2018,Comedy Programmes,"Akiyoshi Nakao,Tetsuji Tamayama,Hiroyuki Onoue",6866914,tv series,year and actor match,6.5,52
Seven Seconds,2018,Award-winning TV Programmes,"Clare-Hope Ashitey,Regina King,Beau Knapp",6297682,tv mini series,year and actor match,7.7,12405
Easy,2016,Comedy Programmes,"Aubrey Plaza,Judy Greer,Jane Adams",5562056,tv series,year and actor match,6.9,11333
Indian Matchmaking,2020,Reality TV,,12580168,tv series,year match,6.1,1901
Elite,2018,LGBTQ TV Programmes,"Danna Paola,Itzan Escamilla,Miguel Bernardeau",7134908,tv series,year and actor match,7.6,41026
The Last Czars,2019,Biographical Documentaries,"Robert Jack,Susanna Herbert,Ben Cartwright",7949606,tv series,year and actor match,7.3,5399
Leila,2019,Drama Programmes,"Huma Qureshi,Siddharth,Rahul Khanna",9337588,tv series,year and actor match,4.7,7396
Outer Banks,2020,Action & Adventure Programmes,"Chase Stokes,Madelyn Cline,Madison Bailey",10293938,tv series,year and actor match,7.6,14917
Ingobernable,2017,Spanish-language TV Programmes,"Kate del Castillo,Eréndira Ibarra,Alberto Guerra",6495756,tv series,year and actor match,7.2,2465
Home Game,2020,Social & Cultural Documentaries,,12429046,tv series,year match,7.1,490
Ad Vitam,2018,French TV Programmes,"Yvan Attal,Garance Marillier,Niels Schneider",8548830,tv series,year and actor match,6.4,1089
House of Cards,2013,Series,"Robin Wright,Michael Kelly,Diane Lane",1856010,tv series,year and actor match,8.7,455171
Love on the Spectrum,2019,Reality TV,Brooke Satchwell,11904786,tv series,year and title match,8.7,1467
Unstoppable,2020,Mexican TV Programmes,"Tessa Ia,Bárbara López,Lucía Uribe",11120674,tv series,year and actor match,7.3,576
Trinkets,2019,LGBTQ TV Programmes,"Brianna Hildebrand,Kiana Madeira,Quintessa Swindell",9134194,tv series,year and actor match,7.1,4529
Marco Polo: One Hundred Eyes,2015,Action & Adventure Programmes,"Tom Wu,Benedict Wong,Michelle Yeoh",5235348,tv short,year and actor match,7.8,8995
Little Things,2016,Comedy Programmes,"Dhruv Sehgal,Mithila Palkar",6522580,tv series,year and actor match,8.2,3816
Living with Yourself,2019,Comedy Programmes,"Paul Rudd,Aisling Bea,Desmin Borges",8880894,tv series,year and actor match,7.2,23140
Inside the Real Narcos,2018,Crime Documentaries,Jason Fox,9437310,tv series,year and actor match,7.6,518
Rhythm + Flow,2019,Award-winning TV Programmes,"Cardi B,Chance The Rapper,T.I.",9278032,tv series,year and actor match,7.6,1191
Tidying Up with Marie Kondo,2019,Reality TV,Marie Kondo,8115560,tv series,year and actor match,6.6,2742
Team Kaylie,2019,Kids' TV for ages 8 to 10,"Bryana Salaz,Alison Fernandez,Symera Jackson",9717424,tv series,year and actor match,4.1,184
Drug Squad: Costa del Sol,2019,Action & Adventure Programmes,"Hugo Silva,Álvaro Cervantes,Miki Esparbé",8476166,tv series,year and actor match,6.7,339
Don't F**k with Cats: Hunting an Internet Killer,2019,Critically-acclaimed Documentaries,,11318602,tv mini series,year match,8.1,31600
Absurd Planet,2020,Science & Nature TV,Afi Ekulona,12027008,tv series,year and actor match,3.9,1131
No Good Nick,2019,Kids' TV for ages 8 to 10,"Melissa Joan Hart,Sean Astin,Siena Agudong",9039142,tv series,year and actor match,5.8,1987
Money Heist: The Phenomenon,2020,International Documentaries,,12078990,tv movie,year match,7.5,1824
Nowhere Man,2019,Taiwanese TV Programmes,"Alyssa Chia,Mavis Fan,Joseph Chang",10895588,tv series,year and actor match,5.4,261
Free Rein,2017,Animal Tales,"Jaylen Barron,Manpreet Bambra,Celine Buckens",6928052,tv series,year and actor match,7.3,1526
Some Assembly Required,2014,Canadian TV Programmes,"Kolton Stewart,Harrison Houde,Charlie Storwick",3441810,tv series,year and actor match,3.5,670
Styling Hollywood,2019,Reality TV,"Jason Bolden,Adair Curtis",10715202,tv series,year and title match,6.6,267
Crazy Delicious,2020,Reality TV,"Jayde Adams,Carla Hall,Heston Blumenthal",11301834,tv series,year and actor match,6.8,462
The Boss Baby: Back in Business,2018,Kids' TV for ages 8 to 10,"JP Karliak,Pierce Gagnon,Kevin Michael Richardson",7741824,tv series,year and actor match,6.4,2019
Drug Lords,2018,True Crime Documentaries,,7935522,tv series,year match,6.9,951
All Hail King Julien,2014,Kids' TV for ages 8 to 10,"Danny Jacobs,Andy Richter,Henry Winkler",3807022,tv series,year and actor match,7.2,1445
Undercover Law,2017,Colombian TV Programmes,"Viña Machado,Juana del Río,Luna Baxter",8888710,tv series,Manual,7.2,145
Nadiya’s Time to Eat,2020,Food & Travel TV,Nadiya Hussain,9846284,tv series,Manual,7.4,245
Dave Chappelle: Equanimity & The Bird Revelation,2017,Stand-up Comedy,Dave Chappelle,7806998,movie,Manual,8.2,9130
Lady J,2019,Romantic Dramas,"Cécile De France,Édouard Baer,Alice Isaaz",7530986,movie,Manual,6.9,2167
Bad Guys: Vile City,2018,Korean Programmes,"Park Joong-hoon,Joo Jin-mo,Yang Ik-june",12404980,tv series,Manual,8.5,22
Cathedral of the Sea,2017,International Programmes,"Aitor Luna,Daniel Grao,Michelle Jenner",4944694,tv series,Manual,7.5,2811
The Great British Baking Show: Holidays,2018,Food & Travel TV,"Paul Hollywood,Prue Leith,Sandi Toksvig",,,Manual,,
Glitter Force Doki Doki,2017,Kids' TV for ages 8 to 10,"Debi Derryberry,Cassandra Morris,Melissa Fahn",,,Manual,,
Monzón: A Knockout Blow,2018,Argentinian TV Shows,"Jorge Román,Mauricio Paniagua,Carla Quevedo",9852660,tv series,Manual,8,502
Coach Snoop,2018,Sports & Fitness,Snoop Dogg,5697642,tv series,Manual,6.8,517
Scissor Seven,,International Programmes,"He Xiaofeng,Jiang Guangtao,Duan Yixuan",11503082,tv series,Manual,8.1,949
Trump: An American Dream,2018,Docuseries,Donald Trump,7596008,tv mini series,Manual,7.1,3076
Gnome Alone,2018,Canadian Films,"Olivia Holt,Patrick Stump,Josh Peck",5851786,movie,Manual,5.6,2559
Always a Witch,2018,Colombian TV Programmes,"Angely Gaviria,Óscar Casas,Sofía Araujo",8001250,tv series,Manual,6.3,1841
Ghost in the Shell: SAC_2045,2020,Japanese TV Programmes,"Atsuko Tanaka,Osamu Saka,Akio Otsuka",9466298,tv series,Manual,6.2,1240
AJIN: Demi-Human,2016,Japanese TV Programmes,"Mamoru Miyano,Yoshimasa Hosoya,Jun Fukuyama",6215712,movie,Manual,6.4,1323
Errementari: The Blacksmith and the Devil,2018,Satanic Stories,"Kandido Uranga,Uma Bracaglia,Eneko Sagardoy",5592878,movie,Manual,6.4,8791
Flavors of Youth: International Version,2018,Japanese Films,"Taito Ban,Mariya Ise,Minako Kotobuki",8176578,movie,Manual,6.6,5095
Bad Blood,2018,Crime TV Dramas,"Kim Coates,Anthony LaPaglia,Enrico Colantoni",6423364,tv series,Manual,7.5,6641
Terrace House: Boys & Girls in the City,2015,International Programmes,"You,Reina Triendl,Ryota Yamasato",,,Manual,,
Back Street Girls -GOKUDOLS-,2018,Japanese TV Programmes,"Daisuke Ono,Satoshi Hino,Kazuyuki Okitsu",,,Manual,,
Animal Crackers,2020,Wacky Comedies,"Emily Blunt,John Krasinski,Ian McKellen",4155534,movie,Manual,5.8,1711
The Yard,2019,International Programmes,"Demet Evgar,Ceren Moray,Nursel Köse",7923832,tv series,Manual,7.2,990
Instant Hotel,2018,Travel & Adventure Reality TV,"Luke Jacobz,Juliet Ashworth",9316032,tv series,Manual,7.3,1048
Latte and the Magic Waterstone,2020,Comedies,"Ashley Bornancin,Carter Hastings",9038290,movie,Manual,5.6,342
Restaurants on the Edge,2020,Travel & Adventure Reality TV,"Nick Liberato,Karin Bohn,Dennis Prescott",8784324,tv series,Manual,6.7,696
The Good Bandit,2018,TV Soaps,"Diego Vásquez,Carolina Acevedo,Norma Nivia",9328616,tv series,Manual,7.5,68
The Skin of the Wolf,2018,Spanish Films,"Mario Casas,Irene Escolar,Ruth Díaz",6347150,movie,Manual,5.7,2186
The House of Flowers Presents: The Funeral,2019,LGBTQ TV Programmes,"Cecilia Suárez,Aislinn Derbez,Darío Yazbek",8387348,tv series,Manual,7.7,6253
Glitter Force,2015,Kids' TV for ages 8 to 10,"Laura Bailey,Kate Higgins,Alex Cazares",,,Manual,,
Pokémon Journeys: The Series,2020,Kids' TV for ages 8 to 10,"Ikue Otani,Sarah Natochenny,Zeno Robinson",168366,tv series,Manual,7.5,36361
Yummy Mummies,2018,Australian TV Programmes,"Lorinska Merrington,Jane Scandizzo,Rachel Watts",7172230,tv mini series,Manual,4,530
Rust Valley Restorers,2019,Reality TV,"Mike Hall,Avery Shoaf,Connor Hall",9498102,tv series,Manual,7.7,1524
Malibu Rescue,2019,Wacky Comedies,"Ricardo Hurtado,Breanna Yde,Jackie R. Jacobson",9228950,movie,Manual,4.8,827
Ultimate Beastmaster Mexico,2017,Spanish-language TV Programmes,"Luis Ernesto Franco,Inés Sainz,Tiki Barber",,,Manual,,
The House of Flowers Presents: The Funeral,2019,LGBTQ TV Programmes,"Cecilia Suárez,Aislinn Derbez,Darío Yazbek",,,Manual,,
Top Boy,2019,British TV Dramas,"Ashley Walters,Kane Robinson,Micheal Ward",1830379,tv series,Manual,8.4,11659
Pinky Malinky,2019,Kids' TV for ages 8 to 10,"Lucas Grabeel,Nathan Kress,Diamond White",5621544,tv series,Manual,5.6,322
Kipo and the Age of Wonderbeasts,2019,Kids' TV for ages 11 to 12,"Karen Fukuhara,Sydney Mikayla,Deon Cole",10482560,tv series,Manual,8.3,2054
The Toys That Made Us,2018,Reality TV,,7053920,tv series,Manual,8.1,4470
Better Than Us,2019,Russian TV Programmes,"Paulina Andreeva,Kirill Käro,Aleksandr Ustyugov",8285216,tv series,Manual,7.4,5434
Slasher,2017,Mystery Programmes,"Katie McGrath,Brandon Jay McLaren,Steve Byers",4667888,tv series,Manual,6.7,10647
Steel Rain,2018,Military Action & Adventure,"Jung Woo-sung,Kwak Do-won,Kim Kap-soo",6769508,movie,Manual,7.1,3782
Life,2018,Korean Programmes,"Lee Dong-wook,Cho Seung-woo,Won Jin-ah",8243158,tv series,Manual,7.6,312
The Staircase,2018,Social & Cultural Documentaries,,388644,tv series,Manual,7.9,17014
1994,2019,Mexican TV Programmes,,10243640,tv series,Manual,7.6,326
